index	prediction
0	entailment
1	entailment
2	entailment
3	entailment
4	entailment
5	entailment
6	entailment
7	not_entailment
8	entailment
9	not_entailment
10	entailment
11	entailment
12	not_entailment
13	not_entailment
14	entailment
15	entailment
16	not_entailment
17	entailment
18	entailment
19	entailment
20	entailment
21	entailment
22	entailment
23	entailment
24	not_entailment
25	entailment
26	not_entailment
27	entailment
28	entailment
29	entailment
30	entailment
31	entailment
32	entailment
33	entailment
34	entailment
35	entailment
36	entailment
37	entailment
38	not_entailment
39	entailment
40	entailment
41	not_entailment
42	not_entailment
43	entailment
44	not_entailment
45	not_entailment
46	entailment
47	entailment
48	entailment
49	not_entailment
50	entailment
51	entailment
52	entailment
53	entailment
54	entailment
55	entailment
56	not_entailment
57	entailment
58	entailment
59	not_entailment
60	not_entailment
61	entailment
62	entailment
63	entailment
64	entailment
65	entailment
66	not_entailment
67	entailment
68	entailment
69	entailment
70	entailment
71	entailment
72	entailment
73	entailment
74	entailment
75	not_entailment
76	not_entailment
77	not_entailment
78	entailment
79	not_entailment
80	entailment
81	entailment
82	not_entailment
83	entailment
84	entailment
85	not_entailment
86	entailment
87	entailment
88	not_entailment
89	entailment
90	entailment
91	entailment
92	entailment
93	entailment
94	entailment
95	entailment
96	not_entailment
97	entailment
98	entailment
99	entailment
100	not_entailment
101	entailment
102	not_entailment
103	entailment
104	entailment
105	entailment
106	entailment
107	entailment
108	entailment
109	entailment
110	entailment
111	not_entailment
112	entailment
113	not_entailment
114	entailment
115	entailment
116	entailment
117	entailment
118	not_entailment
119	entailment
120	entailment
121	entailment
122	entailment
123	entailment
124	not_entailment
125	entailment
126	not_entailment
127	not_entailment
128	entailment
129	entailment
130	not_entailment
131	entailment
132	not_entailment
133	entailment
134	entailment
135	entailment
136	entailment
137	entailment
138	not_entailment
139	entailment
140	not_entailment
141	entailment
142	entailment
143	entailment
144	entailment
145	entailment
146	entailment
147	entailment
148	entailment
149	entailment
150	entailment
151	entailment
152	not_entailment
153	entailment
154	not_entailment
155	entailment
156	not_entailment
157	entailment
158	not_entailment
159	not_entailment
160	not_entailment
161	entailment
162	entailment
163	not_entailment
164	entailment
165	entailment
166	entailment
167	entailment
168	entailment
169	not_entailment
170	entailment
171	entailment
172	entailment
173	entailment
174	not_entailment
175	not_entailment
176	entailment
177	entailment
178	entailment
179	entailment
180	entailment
181	not_entailment
182	entailment
183	entailment
184	entailment
185	entailment
186	entailment
187	not_entailment
188	not_entailment
189	entailment
190	entailment
191	entailment
192	entailment
193	not_entailment
194	entailment
195	entailment
196	not_entailment
197	entailment
198	not_entailment
199	entailment
200	entailment
201	entailment
202	entailment
203	entailment
204	entailment
205	entailment
206	not_entailment
207	not_entailment
208	not_entailment
209	entailment
210	entailment
211	not_entailment
212	not_entailment
213	not_entailment
214	entailment
215	entailment
216	entailment
217	entailment
218	not_entailment
219	not_entailment
220	entailment
221	entailment
222	entailment
223	not_entailment
224	entailment
225	entailment
226	entailment
227	not_entailment
228	entailment
229	not_entailment
230	entailment
231	entailment
232	entailment
233	not_entailment
234	entailment
235	not_entailment
236	not_entailment
237	entailment
238	not_entailment
239	entailment
240	not_entailment
241	not_entailment
242	entailment
243	entailment
244	entailment
245	entailment
246	entailment
247	not_entailment
248	entailment
249	not_entailment
250	not_entailment
251	not_entailment
252	entailment
253	entailment
254	entailment
255	not_entailment
256	entailment
257	entailment
258	entailment
259	entailment
260	not_entailment
261	not_entailment
262	entailment
263	entailment
264	entailment
265	entailment
266	entailment
267	not_entailment
268	entailment
269	entailment
270	entailment
271	entailment
272	not_entailment
273	entailment
274	not_entailment
275	entailment
276	not_entailment
277	entailment
278	entailment
279	not_entailment
280	entailment
281	entailment
282	entailment
283	entailment
284	entailment
285	not_entailment
286	not_entailment
287	entailment
288	entailment
289	entailment
290	entailment
291	entailment
292	entailment
293	entailment
294	entailment
295	not_entailment
296	not_entailment
297	not_entailment
298	entailment
299	not_entailment
300	not_entailment
301	not_entailment
302	not_entailment
303	entailment
304	entailment
305	not_entailment
306	not_entailment
307	entailment
308	entailment
309	not_entailment
310	entailment
311	not_entailment
312	entailment
313	not_entailment
314	entailment
315	not_entailment
316	entailment
317	not_entailment
318	entailment
319	entailment
320	entailment
321	not_entailment
322	entailment
323	entailment
324	not_entailment
325	entailment
326	entailment
327	entailment
328	not_entailment
329	entailment
330	entailment
331	not_entailment
332	not_entailment
333	not_entailment
334	not_entailment
335	entailment
336	entailment
337	entailment
338	not_entailment
339	entailment
340	entailment
341	entailment
342	entailment
343	entailment
344	not_entailment
345	entailment
346	entailment
347	entailment
348	not_entailment
349	not_entailment
350	not_entailment
351	entailment
352	not_entailment
353	not_entailment
354	entailment
355	entailment
356	not_entailment
357	entailment
358	not_entailment
359	entailment
360	entailment
361	entailment
362	entailment
363	not_entailment
364	entailment
365	not_entailment
366	entailment
367	entailment
368	entailment
369	entailment
370	entailment
371	not_entailment
372	not_entailment
373	not_entailment
374	entailment
375	entailment
376	not_entailment
377	entailment
378	not_entailment
379	entailment
380	entailment
381	entailment
382	not_entailment
383	not_entailment
384	not_entailment
385	entailment
386	not_entailment
387	not_entailment
388	entailment
389	not_entailment
390	not_entailment
391	entailment
392	entailment
393	entailment
394	entailment
395	entailment
396	not_entailment
397	entailment
398	entailment
399	entailment
400	entailment
401	entailment
402	entailment
403	entailment
404	not_entailment
405	not_entailment
406	entailment
407	entailment
408	not_entailment
409	entailment
410	entailment
411	entailment
412	entailment
413	entailment
414	entailment
415	entailment
416	entailment
417	not_entailment
418	entailment
419	entailment
420	entailment
421	entailment
422	entailment
423	entailment
424	entailment
425	entailment
426	entailment
427	entailment
428	entailment
429	entailment
430	entailment
431	not_entailment
432	not_entailment
433	entailment
434	entailment
435	entailment
436	entailment
437	entailment
438	entailment
439	not_entailment
440	entailment
441	entailment
442	entailment
443	not_entailment
444	entailment
445	entailment
446	entailment
447	entailment
448	entailment
449	entailment
450	entailment
451	entailment
452	entailment
453	entailment
454	entailment
455	entailment
456	entailment
457	entailment
458	entailment
459	entailment
460	entailment
461	entailment
462	entailment
463	entailment
464	entailment
465	entailment
466	entailment
467	entailment
468	entailment
469	not_entailment
470	entailment
471	entailment
472	entailment
473	not_entailment
474	not_entailment
475	entailment
476	entailment
477	entailment
478	entailment
479	not_entailment
480	entailment
481	entailment
482	entailment
483	entailment
484	entailment
485	entailment
486	entailment
487	entailment
488	entailment
489	entailment
490	entailment
491	not_entailment
492	entailment
493	entailment
494	entailment
495	not_entailment
496	not_entailment
497	entailment
498	entailment
499	not_entailment
500	entailment
501	entailment
502	entailment
503	entailment
504	entailment
505	entailment
506	not_entailment
507	entailment
508	entailment
509	entailment
510	entailment
511	entailment
512	entailment
513	entailment
514	entailment
515	entailment
516	entailment
517	entailment
518	entailment
519	entailment
520	not_entailment
521	entailment
522	not_entailment
523	entailment
524	entailment
525	not_entailment
526	entailment
527	entailment
528	not_entailment
529	entailment
530	entailment
531	entailment
532	entailment
533	entailment
534	entailment
535	not_entailment
536	entailment
537	entailment
538	entailment
539	entailment
540	entailment
541	entailment
542	entailment
543	entailment
544	entailment
545	not_entailment
546	entailment
547	entailment
548	entailment
549	entailment
550	not_entailment
551	entailment
552	entailment
553	entailment
554	entailment
555	not_entailment
556	entailment
557	entailment
558	entailment
559	not_entailment
560	entailment
561	entailment
562	entailment
563	entailment
564	entailment
565	entailment
566	entailment
567	entailment
568	not_entailment
569	entailment
570	not_entailment
571	entailment
572	entailment
573	entailment
574	entailment
575	entailment
576	entailment
577	entailment
578	not_entailment
579	entailment
580	entailment
581	not_entailment
582	entailment
583	not_entailment
584	entailment
585	entailment
586	entailment
587	not_entailment
588	entailment
589	entailment
590	entailment
591	entailment
592	entailment
593	entailment
594	entailment
595	entailment
596	entailment
597	not_entailment
598	entailment
599	entailment
600	entailment
601	entailment
602	not_entailment
603	not_entailment
604	not_entailment
605	not_entailment
606	entailment
607	entailment
608	not_entailment
609	not_entailment
610	not_entailment
611	entailment
612	entailment
613	not_entailment
614	entailment
615	not_entailment
616	not_entailment
617	not_entailment
618	not_entailment
619	not_entailment
620	not_entailment
621	entailment
622	entailment
623	entailment
624	entailment
625	not_entailment
626	not_entailment
627	entailment
628	not_entailment
629	not_entailment
630	not_entailment
631	not_entailment
632	entailment
633	not_entailment
634	entailment
635	entailment
636	entailment
637	not_entailment
638	not_entailment
639	not_entailment
640	entailment
641	entailment
642	entailment
643	not_entailment
644	entailment
645	not_entailment
646	entailment
647	entailment
648	entailment
649	not_entailment
650	entailment
651	not_entailment
652	not_entailment
653	entailment
654	entailment
655	not_entailment
656	entailment
657	entailment
658	entailment
659	not_entailment
660	entailment
661	not_entailment
662	entailment
663	entailment
664	not_entailment
665	entailment
666	entailment
667	entailment
668	not_entailment
669	entailment
670	entailment
671	not_entailment
672	not_entailment
673	entailment
674	not_entailment
675	entailment
676	not_entailment
677	not_entailment
678	entailment
679	entailment
680	entailment
681	entailment
682	entailment
683	entailment
684	not_entailment
685	entailment
686	entailment
687	entailment
688	entailment
689	entailment
690	entailment
691	not_entailment
692	entailment
693	entailment
694	entailment
695	not_entailment
696	not_entailment
697	entailment
698	entailment
699	not_entailment
700	entailment
701	not_entailment
702	not_entailment
703	not_entailment
704	entailment
705	entailment
706	entailment
707	entailment
708	entailment
709	not_entailment
710	not_entailment
711	not_entailment
712	entailment
713	entailment
714	entailment
715	not_entailment
716	not_entailment
717	not_entailment
718	not_entailment
719	not_entailment
720	entailment
721	entailment
722	not_entailment
723	not_entailment
724	entailment
725	not_entailment
726	entailment
727	not_entailment
728	entailment
729	entailment
730	entailment
731	entailment
732	not_entailment
733	entailment
734	entailment
735	entailment
736	entailment
737	not_entailment
738	entailment
739	not_entailment
740	not_entailment
741	entailment
742	not_entailment
743	entailment
744	entailment
745	entailment
746	not_entailment
747	not_entailment
748	not_entailment
749	entailment
750	not_entailment
751	entailment
752	entailment
753	entailment
754	not_entailment
755	not_entailment
756	entailment
757	not_entailment
758	entailment
759	not_entailment
760	not_entailment
761	not_entailment
762	entailment
763	entailment
764	not_entailment
765	not_entailment
766	not_entailment
767	not_entailment
768	entailment
769	not_entailment
770	entailment
771	not_entailment
772	not_entailment
773	not_entailment
774	not_entailment
775	entailment
776	not_entailment
777	entailment
778	entailment
779	not_entailment
780	not_entailment
781	entailment
782	entailment
783	entailment
784	entailment
785	entailment
786	entailment
787	entailment
788	not_entailment
789	not_entailment
790	not_entailment
791	entailment
792	entailment
793	entailment
794	not_entailment
795	entailment
796	entailment
797	not_entailment
798	entailment
799	not_entailment
800	entailment
801	entailment
802	entailment
803	entailment
804	not_entailment
805	entailment
806	entailment
807	not_entailment
808	entailment
809	entailment
810	entailment
811	entailment
812	entailment
813	entailment
814	entailment
815	entailment
816	entailment
817	not_entailment
818	entailment
819	entailment
820	entailment
821	entailment
822	not_entailment
823	entailment
824	entailment
825	not_entailment
826	entailment
827	entailment
828	entailment
829	not_entailment
830	entailment
831	entailment
832	entailment
833	entailment
834	entailment
835	entailment
836	entailment
837	entailment
838	entailment
839	entailment
840	entailment
841	entailment
842	entailment
843	not_entailment
844	entailment
845	entailment
846	entailment
847	entailment
848	entailment
849	entailment
850	not_entailment
851	entailment
852	entailment
853	entailment
854	entailment
855	not_entailment
856	entailment
857	entailment
858	entailment
859	entailment
860	not_entailment
861	entailment
862	entailment
863	entailment
864	entailment
865	entailment
866	entailment
867	entailment
868	entailment
869	entailment
870	not_entailment
871	entailment
872	not_entailment
873	entailment
874	entailment
875	entailment
876	entailment
877	not_entailment
878	entailment
879	entailment
880	entailment
881	entailment
882	entailment
883	entailment
884	entailment
885	entailment
886	entailment
887	not_entailment
888	entailment
889	entailment
890	entailment
891	entailment
892	entailment
893	entailment
894	entailment
895	entailment
896	entailment
897	not_entailment
898	not_entailment
899	entailment
900	not_entailment
901	not_entailment
902	entailment
903	not_entailment
904	not_entailment
905	not_entailment
906	entailment
907	entailment
908	entailment
909	entailment
910	entailment
911	entailment
912	entailment
913	entailment
914	entailment
915	entailment
916	entailment
917	entailment
918	entailment
919	entailment
920	entailment
921	entailment
922	entailment
923	entailment
924	entailment
925	entailment
926	entailment
927	entailment
928	entailment
929	not_entailment
930	entailment
931	entailment
932	entailment
933	entailment
934	entailment
935	entailment
936	entailment
937	entailment
938	entailment
939	entailment
940	entailment
941	entailment
942	entailment
943	entailment
944	entailment
945	entailment
946	entailment
947	entailment
948	not_entailment
949	entailment
950	entailment
951	not_entailment
952	entailment
953	entailment
954	entailment
955	entailment
956	entailment
957	entailment
958	entailment
959	entailment
960	entailment
961	entailment
962	entailment
963	entailment
964	entailment
965	entailment
966	entailment
967	not_entailment
968	not_entailment
969	entailment
970	entailment
971	entailment
972	entailment
973	entailment
974	not_entailment
975	entailment
976	entailment
977	entailment
978	entailment
979	entailment
980	not_entailment
981	entailment
982	entailment
983	entailment
984	entailment
985	not_entailment
986	entailment
987	entailment
988	entailment
989	entailment
990	entailment
991	not_entailment
992	entailment
993	not_entailment
994	entailment
995	entailment
996	entailment
997	not_entailment
998	entailment
999	entailment
1000	entailment
1001	entailment
1002	entailment
1003	entailment
1004	entailment
1005	not_entailment
1006	entailment
1007	entailment
1008	entailment
1009	not_entailment
1010	not_entailment
1011	entailment
1012	not_entailment
1013	not_entailment
1014	not_entailment
1015	not_entailment
1016	not_entailment
1017	entailment
1018	entailment
1019	entailment
1020	entailment
1021	entailment
1022	not_entailment
1023	entailment
1024	not_entailment
1025	not_entailment
1026	entailment
1027	not_entailment
1028	not_entailment
1029	not_entailment
1030	not_entailment
1031	not_entailment
1032	entailment
1033	entailment
1034	entailment
1035	not_entailment
1036	not_entailment
1037	not_entailment
1038	not_entailment
1039	entailment
1040	not_entailment
1041	not_entailment
1042	entailment
1043	entailment
1044	entailment
1045	entailment
1046	not_entailment
1047	entailment
1048	entailment
1049	not_entailment
1050	not_entailment
1051	entailment
1052	entailment
1053	entailment
1054	entailment
1055	entailment
1056	not_entailment
1057	entailment
1058	entailment
1059	not_entailment
1060	not_entailment
1061	entailment
1062	entailment
1063	entailment
1064	entailment
1065	entailment
1066	entailment
1067	entailment
1068	entailment
1069	entailment
1070	entailment
1071	entailment
1072	entailment
1073	entailment
1074	not_entailment
1075	entailment
1076	not_entailment
1077	entailment
1078	not_entailment
1079	not_entailment
1080	entailment
1081	entailment
1082	entailment
1083	entailment
1084	entailment
1085	entailment
1086	entailment
1087	not_entailment
1088	not_entailment
1089	not_entailment
1090	not_entailment
1091	entailment
1092	not_entailment
1093	entailment
1094	entailment
1095	entailment
1096	entailment
1097	entailment
1098	entailment
1099	entailment
1100	not_entailment
1101	not_entailment
1102	entailment
1103	not_entailment
1104	not_entailment
1105	entailment
1106	not_entailment
1107	entailment
1108	entailment
1109	not_entailment
1110	not_entailment
1111	not_entailment
1112	not_entailment
1113	entailment
1114	entailment
1115	not_entailment
1116	not_entailment
1117	not_entailment
1118	not_entailment
1119	not_entailment
1120	not_entailment
1121	not_entailment
1122	not_entailment
1123	not_entailment
1124	not_entailment
1125	entailment
1126	entailment
1127	not_entailment
1128	not_entailment
1129	not_entailment
1130	entailment
1131	not_entailment
1132	not_entailment
1133	not_entailment
1134	not_entailment
1135	not_entailment
1136	entailment
1137	not_entailment
1138	entailment
1139	entailment
1140	not_entailment
1141	entailment
1142	entailment
1143	entailment
1144	not_entailment
1145	entailment
1146	entailment
1147	entailment
1148	entailment
1149	entailment
1150	not_entailment
1151	entailment
1152	not_entailment
1153	entailment
1154	entailment
1155	entailment
1156	entailment
1157	entailment
1158	entailment
1159	entailment
1160	entailment
1161	not_entailment
1162	entailment
1163	entailment
1164	not_entailment
1165	entailment
1166	entailment
1167	entailment
1168	entailment
1169	entailment
1170	entailment
1171	entailment
1172	entailment
1173	entailment
1174	entailment
1175	entailment
1176	entailment
1177	entailment
1178	not_entailment
1179	not_entailment
1180	entailment
1181	not_entailment
1182	not_entailment
1183	not_entailment
1184	not_entailment
1185	not_entailment
1186	not_entailment
1187	not_entailment
1188	not_entailment
1189	entailment
1190	not_entailment
1191	entailment
1192	not_entailment
1193	not_entailment
1194	not_entailment
1195	entailment
1196	entailment
1197	not_entailment
1198	entailment
1199	entailment
1200	entailment
1201	entailment
1202	not_entailment
1203	not_entailment
1204	entailment
1205	entailment
1206	entailment
1207	entailment
1208	not_entailment
1209	not_entailment
1210	entailment
1211	entailment
1212	not_entailment
1213	not_entailment
1214	entailment
1215	not_entailment
1216	entailment
1217	not_entailment
1218	entailment
1219	entailment
1220	not_entailment
1221	not_entailment
1222	not_entailment
1223	entailment
1224	not_entailment
1225	entailment
1226	entailment
1227	not_entailment
1228	entailment
1229	entailment
1230	not_entailment
1231	entailment
1232	entailment
1233	not_entailment
1234	not_entailment
1235	entailment
1236	not_entailment
1237	entailment
1238	entailment
1239	entailment
1240	entailment
1241	entailment
1242	not_entailment
1243	entailment
1244	not_entailment
1245	entailment
1246	entailment
1247	not_entailment
1248	entailment
1249	not_entailment
1250	not_entailment
1251	entailment
1252	entailment
1253	entailment
1254	entailment
1255	entailment
1256	not_entailment
1257	entailment
1258	entailment
1259	not_entailment
1260	not_entailment
1261	not_entailment
1262	not_entailment
1263	not_entailment
1264	entailment
1265	entailment
1266	not_entailment
1267	entailment
1268	entailment
1269	entailment
1270	entailment
1271	entailment
1272	entailment
1273	entailment
1274	not_entailment
1275	entailment
1276	not_entailment
1277	entailment
1278	not_entailment
1279	entailment
1280	entailment
1281	not_entailment
1282	entailment
1283	not_entailment
1284	not_entailment
1285	not_entailment
1286	not_entailment
1287	entailment
1288	entailment
1289	not_entailment
1290	entailment
1291	entailment
1292	not_entailment
1293	entailment
1294	entailment
1295	entailment
1296	not_entailment
1297	not_entailment
1298	not_entailment
1299	not_entailment
1300	entailment
1301	not_entailment
1302	entailment
1303	not_entailment
1304	entailment
1305	entailment
1306	not_entailment
1307	not_entailment
1308	entailment
1309	not_entailment
1310	entailment
1311	entailment
1312	not_entailment
1313	entailment
1314	entailment
1315	not_entailment
1316	not_entailment
1317	entailment
1318	not_entailment
1319	entailment
1320	entailment
1321	not_entailment
1322	not_entailment
1323	not_entailment
1324	not_entailment
1325	not_entailment
1326	entailment
1327	entailment
1328	not_entailment
1329	entailment
1330	entailment
1331	not_entailment
1332	not_entailment
1333	entailment
1334	entailment
1335	entailment
1336	not_entailment
1337	entailment
1338	entailment
1339	entailment
1340	entailment
1341	entailment
1342	entailment
1343	entailment
1344	not_entailment
1345	not_entailment
1346	entailment
1347	entailment
1348	entailment
1349	entailment
1350	not_entailment
1351	entailment
1352	entailment
1353	not_entailment
1354	not_entailment
1355	entailment
1356	entailment
1357	entailment
1358	entailment
1359	entailment
1360	not_entailment
1361	not_entailment
1362	not_entailment
1363	not_entailment
1364	entailment
1365	entailment
1366	entailment
1367	entailment
1368	not_entailment
1369	entailment
1370	not_entailment
1371	not_entailment
1372	entailment
1373	entailment
1374	entailment
1375	entailment
1376	not_entailment
1377	not_entailment
1378	not_entailment
1379	not_entailment
1380	not_entailment
1381	entailment
1382	entailment
1383	not_entailment
1384	not_entailment
1385	not_entailment
1386	not_entailment
1387	entailment
1388	not_entailment
1389	not_entailment
1390	entailment
1391	not_entailment
1392	not_entailment
1393	entailment
1394	entailment
1395	entailment
1396	not_entailment
1397	not_entailment
1398	not_entailment
1399	entailment
1400	entailment
1401	entailment
1402	entailment
1403	entailment
1404	entailment
1405	entailment
1406	not_entailment
1407	entailment
1408	entailment
1409	not_entailment
1410	not_entailment
1411	entailment
1412	not_entailment
1413	entailment
1414	not_entailment
1415	not_entailment
1416	not_entailment
1417	entailment
1418	entailment
1419	entailment
1420	not_entailment
1421	entailment
1422	entailment
1423	entailment
1424	entailment
1425	entailment
1426	entailment
1427	entailment
1428	entailment
1429	entailment
1430	entailment
1431	entailment
1432	entailment
1433	entailment
1434	entailment
1435	not_entailment
1436	entailment
1437	not_entailment
1438	entailment
1439	entailment
1440	entailment
1441	entailment
1442	entailment
1443	entailment
1444	entailment
1445	entailment
1446	entailment
1447	entailment
1448	entailment
1449	entailment
1450	entailment
1451	entailment
1452	entailment
1453	entailment
1454	not_entailment
1455	entailment
1456	not_entailment
1457	entailment
1458	entailment
1459	entailment
1460	entailment
1461	entailment
1462	entailment
1463	entailment
1464	not_entailment
1465	entailment
1466	entailment
1467	entailment
1468	entailment
1469	entailment
1470	not_entailment
1471	entailment
1472	not_entailment
1473	entailment
1474	entailment
1475	entailment
1476	not_entailment
1477	entailment
1478	entailment
1479	entailment
1480	not_entailment
1481	entailment
1482	entailment
1483	entailment
1484	not_entailment
1485	entailment
1486	entailment
1487	not_entailment
1488	entailment
1489	entailment
1490	entailment
1491	entailment
1492	entailment
1493	entailment
1494	entailment
1495	entailment
1496	entailment
1497	entailment
1498	entailment
1499	not_entailment
1500	not_entailment
1501	entailment
1502	not_entailment
1503	entailment
1504	entailment
1505	entailment
1506	entailment
1507	entailment
1508	entailment
1509	entailment
1510	entailment
1511	entailment
1512	not_entailment
1513	not_entailment
1514	entailment
1515	entailment
1516	entailment
1517	entailment
1518	entailment
1519	entailment
1520	entailment
1521	entailment
1522	entailment
1523	entailment
1524	entailment
1525	entailment
1526	entailment
1527	entailment
1528	entailment
1529	entailment
1530	entailment
1531	entailment
1532	not_entailment
1533	entailment
1534	entailment
1535	not_entailment
1536	entailment
1537	not_entailment
1538	entailment
1539	not_entailment
1540	not_entailment
1541	not_entailment
1542	not_entailment
1543	entailment
1544	entailment
1545	not_entailment
1546	entailment
1547	entailment
1548	not_entailment
1549	entailment
1550	entailment
1551	entailment
1552	entailment
1553	entailment
1554	not_entailment
1555	entailment
1556	not_entailment
1557	entailment
1558	entailment
1559	entailment
1560	not_entailment
1561	entailment
1562	entailment
1563	entailment
1564	entailment
1565	entailment
1566	not_entailment
1567	entailment
1568	entailment
1569	entailment
1570	entailment
1571	entailment
1572	entailment
1573	entailment
1574	entailment
1575	not_entailment
1576	entailment
1577	not_entailment
1578	not_entailment
1579	entailment
1580	entailment
1581	entailment
1582	entailment
1583	not_entailment
1584	entailment
1585	entailment
1586	entailment
1587	entailment
1588	not_entailment
1589	not_entailment
1590	entailment
1591	entailment
1592	entailment
1593	not_entailment
1594	entailment
1595	entailment
1596	not_entailment
1597	entailment
1598	not_entailment
1599	entailment
1600	entailment
1601	entailment
1602	entailment
1603	not_entailment
1604	not_entailment
1605	entailment
1606	entailment
1607	not_entailment
1608	not_entailment
1609	entailment
1610	entailment
1611	not_entailment
1612	entailment
1613	entailment
1614	not_entailment
1615	entailment
1616	not_entailment
1617	not_entailment
1618	not_entailment
1619	not_entailment
1620	not_entailment
1621	entailment
1622	not_entailment
1623	entailment
1624	entailment
1625	entailment
1626	not_entailment
1627	entailment
1628	not_entailment
1629	entailment
1630	not_entailment
1631	entailment
1632	entailment
1633	entailment
1634	entailment
1635	entailment
1636	entailment
1637	entailment
1638	not_entailment
1639	not_entailment
1640	entailment
1641	not_entailment
1642	not_entailment
1643	entailment
1644	not_entailment
1645	not_entailment
1646	entailment
1647	entailment
1648	not_entailment
1649	not_entailment
1650	not_entailment
1651	entailment
1652	not_entailment
1653	entailment
1654	entailment
1655	entailment
1656	entailment
1657	entailment
1658	entailment
1659	entailment
1660	not_entailment
1661	entailment
1662	entailment
1663	not_entailment
1664	entailment
1665	not_entailment
1666	entailment
1667	not_entailment
1668	not_entailment
1669	entailment
1670	not_entailment
1671	entailment
1672	not_entailment
1673	not_entailment
1674	entailment
1675	not_entailment
1676	entailment
1677	entailment
1678	not_entailment
1679	not_entailment
1680	entailment
1681	not_entailment
1682	not_entailment
1683	not_entailment
1684	not_entailment
1685	not_entailment
1686	entailment
1687	not_entailment
1688	not_entailment
1689	not_entailment
1690	not_entailment
1691	entailment
1692	not_entailment
1693	not_entailment
1694	not_entailment
1695	entailment
1696	entailment
1697	entailment
1698	entailment
1699	not_entailment
1700	entailment
1701	entailment
1702	entailment
1703	entailment
1704	entailment
1705	not_entailment
1706	not_entailment
1707	not_entailment
1708	not_entailment
1709	not_entailment
1710	not_entailment
1711	not_entailment
1712	not_entailment
1713	entailment
1714	not_entailment
1715	entailment
1716	entailment
1717	entailment
1718	not_entailment
1719	entailment
1720	not_entailment
1721	entailment
1722	entailment
1723	not_entailment
1724	not_entailment
1725	not_entailment
1726	not_entailment
1727	entailment
1728	entailment
1729	not_entailment
1730	not_entailment
1731	entailment
1732	not_entailment
1733	entailment
1734	not_entailment
1735	entailment
1736	entailment
1737	entailment
1738	not_entailment
1739	not_entailment
1740	not_entailment
1741	entailment
1742	entailment
1743	not_entailment
1744	not_entailment
1745	not_entailment
1746	not_entailment
1747	not_entailment
1748	not_entailment
1749	not_entailment
1750	entailment
1751	entailment
1752	entailment
1753	entailment
1754	entailment
1755	entailment
1756	entailment
1757	entailment
1758	entailment
1759	entailment
1760	entailment
1761	entailment
1762	entailment
1763	not_entailment
1764	not_entailment
1765	not_entailment
1766	entailment
1767	not_entailment
1768	entailment
1769	not_entailment
1770	not_entailment
1771	not_entailment
1772	entailment
1773	entailment
1774	entailment
1775	entailment
1776	entailment
1777	entailment
1778	entailment
1779	entailment
1780	entailment
1781	entailment
1782	entailment
1783	not_entailment
1784	not_entailment
1785	entailment
1786	entailment
1787	entailment
1788	entailment
1789	entailment
1790	not_entailment
1791	entailment
1792	entailment
1793	entailment
1794	entailment
1795	entailment
1796	not_entailment
1797	not_entailment
1798	entailment
1799	entailment
1800	entailment
1801	entailment
1802	entailment
1803	not_entailment
1804	not_entailment
1805	entailment
1806	not_entailment
1807	not_entailment
1808	entailment
1809	entailment
1810	entailment
1811	entailment
1812	entailment
1813	entailment
1814	entailment
1815	entailment
1816	entailment
1817	not_entailment
1818	not_entailment
1819	entailment
1820	not_entailment
1821	entailment
1822	entailment
1823	not_entailment
1824	entailment
1825	not_entailment
1826	entailment
1827	not_entailment
1828	entailment
1829	entailment
1830	entailment
1831	entailment
1832	entailment
1833	entailment
1834	not_entailment
1835	entailment
1836	not_entailment
1837	entailment
1838	not_entailment
1839	entailment
1840	entailment
1841	entailment
1842	entailment
1843	entailment
1844	not_entailment
1845	entailment
1846	not_entailment
1847	not_entailment
1848	not_entailment
1849	entailment
1850	entailment
1851	entailment
1852	entailment
1853	entailment
1854	not_entailment
1855	entailment
1856	not_entailment
1857	entailment
1858	entailment
1859	not_entailment
1860	entailment
1861	entailment
1862	entailment
1863	entailment
1864	entailment
1865	entailment
1866	entailment
1867	entailment
1868	not_entailment
1869	not_entailment
1870	not_entailment
1871	entailment
1872	entailment
1873	entailment
1874	entailment
1875	entailment
1876	not_entailment
1877	entailment
1878	not_entailment
1879	entailment
1880	not_entailment
1881	entailment
1882	not_entailment
1883	entailment
1884	not_entailment
1885	entailment
1886	not_entailment
1887	not_entailment
1888	not_entailment
1889	entailment
1890	not_entailment
1891	not_entailment
1892	not_entailment
1893	not_entailment
1894	not_entailment
1895	entailment
1896	entailment
1897	entailment
1898	not_entailment
1899	entailment
1900	entailment
1901	entailment
1902	entailment
1903	not_entailment
1904	entailment
1905	not_entailment
1906	not_entailment
1907	not_entailment
1908	entailment
1909	entailment
1910	not_entailment
1911	not_entailment
1912	entailment
1913	not_entailment
1914	not_entailment
1915	not_entailment
1916	not_entailment
1917	entailment
1918	not_entailment
1919	entailment
1920	not_entailment
1921	not_entailment
1922	not_entailment
1923	entailment
1924	entailment
1925	entailment
1926	entailment
1927	entailment
1928	not_entailment
1929	not_entailment
1930	entailment
1931	entailment
1932	not_entailment
1933	not_entailment
1934	entailment
1935	not_entailment
1936	not_entailment
1937	entailment
1938	not_entailment
1939	not_entailment
1940	entailment
1941	entailment
1942	entailment
1943	not_entailment
1944	entailment
1945	not_entailment
1946	not_entailment
1947	entailment
1948	not_entailment
1949	not_entailment
1950	not_entailment
1951	not_entailment
1952	entailment
1953	not_entailment
1954	not_entailment
1955	entailment
1956	entailment
1957	entailment
1958	entailment
1959	entailment
1960	entailment
1961	entailment
1962	entailment
1963	entailment
1964	entailment
1965	not_entailment
1966	entailment
1967	entailment
1968	not_entailment
1969	entailment
1970	entailment
1971	entailment
1972	entailment
1973	entailment
1974	entailment
1975	not_entailment
1976	entailment
1977	entailment
1978	entailment
1979	entailment
1980	entailment
1981	entailment
1982	not_entailment
1983	entailment
1984	entailment
1985	not_entailment
1986	entailment
1987	entailment
1988	entailment
1989	entailment
1990	entailment
1991	entailment
1992	entailment
1993	entailment
1994	not_entailment
1995	entailment
1996	entailment
1997	entailment
1998	entailment
1999	entailment
2000	entailment
2001	not_entailment
2002	entailment
2003	not_entailment
2004	not_entailment
2005	not_entailment
2006	entailment
2007	not_entailment
2008	not_entailment
2009	entailment
2010	entailment
2011	entailment
2012	entailment
2013	entailment
2014	not_entailment
2015	not_entailment
2016	entailment
2017	entailment
2018	not_entailment
2019	entailment
2020	not_entailment
2021	entailment
2022	entailment
2023	entailment
2024	entailment
2025	entailment
2026	not_entailment
2027	entailment
2028	entailment
2029	entailment
2030	not_entailment
2031	entailment
2032	entailment
2033	entailment
2034	entailment
2035	entailment
2036	not_entailment
2037	not_entailment
2038	entailment
2039	not_entailment
2040	not_entailment
2041	entailment
2042	entailment
2043	entailment
2044	entailment
2045	not_entailment
2046	not_entailment
2047	not_entailment
2048	not_entailment
2049	entailment
2050	entailment
2051	entailment
2052	not_entailment
2053	not_entailment
2054	entailment
2055	not_entailment
2056	not_entailment
2057	entailment
2058	entailment
2059	not_entailment
2060	entailment
2061	entailment
2062	not_entailment
2063	entailment
2064	entailment
2065	not_entailment
2066	entailment
2067	not_entailment
2068	entailment
2069	entailment
2070	not_entailment
2071	entailment
2072	entailment
2073	not_entailment
2074	not_entailment
2075	entailment
2076	entailment
2077	entailment
2078	entailment
2079	entailment
2080	entailment
2081	entailment
2082	entailment
2083	entailment
2084	not_entailment
2085	entailment
2086	not_entailment
2087	entailment
2088	entailment
2089	not_entailment
2090	entailment
2091	entailment
2092	entailment
2093	entailment
2094	entailment
2095	not_entailment
2096	not_entailment
2097	not_entailment
2098	entailment
2099	entailment
2100	entailment
2101	entailment
2102	not_entailment
2103	entailment
2104	not_entailment
2105	not_entailment
2106	entailment
2107	entailment
2108	entailment
2109	not_entailment
2110	entailment
2111	entailment
2112	entailment
2113	entailment
2114	entailment
2115	entailment
2116	not_entailment
2117	entailment
2118	entailment
2119	not_entailment
2120	entailment
2121	entailment
2122	entailment
2123	entailment
2124	entailment
2125	entailment
2126	not_entailment
2127	not_entailment
2128	entailment
2129	entailment
2130	not_entailment
2131	entailment
2132	not_entailment
2133	not_entailment
2134	not_entailment
2135	entailment
2136	entailment
2137	entailment
2138	entailment
2139	entailment
2140	entailment
2141	not_entailment
2142	entailment
2143	not_entailment
2144	not_entailment
2145	entailment
2146	entailment
2147	not_entailment
2148	entailment
2149	entailment
2150	not_entailment
2151	entailment
2152	entailment
2153	not_entailment
2154	entailment
2155	entailment
2156	not_entailment
2157	entailment
2158	not_entailment
2159	entailment
2160	not_entailment
2161	not_entailment
2162	not_entailment
2163	entailment
2164	entailment
2165	not_entailment
2166	entailment
2167	not_entailment
2168	entailment
2169	entailment
2170	entailment
2171	entailment
2172	not_entailment
2173	entailment
2174	entailment
2175	entailment
2176	entailment
2177	entailment
2178	not_entailment
2179	entailment
2180	not_entailment
2181	not_entailment
2182	not_entailment
2183	not_entailment
2184	not_entailment
2185	entailment
2186	entailment
2187	entailment
2188	entailment
2189	entailment
2190	entailment
2191	not_entailment
2192	not_entailment
2193	not_entailment
2194	entailment
2195	entailment
2196	not_entailment
2197	not_entailment
2198	not_entailment
2199	entailment
2200	not_entailment
2201	entailment
2202	entailment
2203	entailment
2204	entailment
2205	not_entailment
2206	not_entailment
2207	not_entailment
2208	entailment
2209	not_entailment
2210	entailment
2211	not_entailment
2212	entailment
2213	entailment
2214	entailment
2215	entailment
2216	not_entailment
2217	not_entailment
2218	entailment
2219	not_entailment
2220	not_entailment
2221	entailment
2222	entailment
2223	entailment
2224	entailment
2225	not_entailment
2226	entailment
2227	not_entailment
2228	entailment
2229	entailment
2230	entailment
2231	not_entailment
2232	not_entailment
2233	not_entailment
2234	entailment
2235	not_entailment
2236	not_entailment
2237	entailment
2238	entailment
2239	entailment
2240	not_entailment
2241	entailment
2242	not_entailment
2243	not_entailment
2244	not_entailment
2245	not_entailment
2246	entailment
2247	entailment
2248	not_entailment
2249	not_entailment
2250	entailment
2251	entailment
2252	entailment
2253	entailment
2254	entailment
2255	entailment
2256	entailment
2257	entailment
2258	not_entailment
2259	entailment
2260	entailment
2261	not_entailment
2262	entailment
2263	entailment
2264	entailment
2265	not_entailment
2266	entailment
2267	entailment
2268	not_entailment
2269	entailment
2270	entailment
2271	entailment
2272	entailment
2273	entailment
2274	entailment
2275	entailment
2276	entailment
2277	entailment
2278	entailment
2279	entailment
2280	entailment
2281	entailment
2282	entailment
2283	not_entailment
2284	entailment
2285	entailment
2286	not_entailment
2287	not_entailment
2288	entailment
2289	entailment
2290	entailment
2291	entailment
2292	entailment
2293	entailment
2294	entailment
2295	entailment
2296	entailment
2297	not_entailment
2298	entailment
2299	entailment
2300	entailment
2301	not_entailment
2302	not_entailment
2303	entailment
2304	entailment
2305	entailment
2306	entailment
2307	entailment
2308	entailment
2309	entailment
2310	not_entailment
2311	entailment
2312	entailment
2313	entailment
2314	entailment
2315	entailment
2316	entailment
2317	entailment
2318	entailment
2319	entailment
2320	not_entailment
2321	entailment
2322	not_entailment
2323	entailment
2324	entailment
2325	entailment
2326	entailment
2327	not_entailment
2328	entailment
2329	entailment
2330	entailment
2331	entailment
2332	not_entailment
2333	entailment
2334	not_entailment
2335	entailment
2336	not_entailment
2337	not_entailment
2338	entailment
2339	not_entailment
2340	entailment
2341	entailment
2342	entailment
2343	not_entailment
2344	entailment
2345	entailment
2346	entailment
2347	entailment
2348	entailment
2349	entailment
2350	entailment
2351	not_entailment
2352	entailment
2353	not_entailment
2354	entailment
2355	entailment
2356	entailment
2357	entailment
2358	entailment
2359	entailment
2360	entailment
2361	entailment
2362	entailment
2363	entailment
2364	not_entailment
2365	not_entailment
2366	entailment
2367	entailment
2368	entailment
2369	entailment
2370	entailment
2371	entailment
2372	entailment
2373	entailment
2374	entailment
2375	entailment
2376	entailment
2377	entailment
2378	entailment
2379	entailment
2380	entailment
2381	not_entailment
2382	entailment
2383	entailment
2384	entailment
2385	entailment
2386	entailment
2387	entailment
2388	entailment
2389	entailment
2390	entailment
2391	entailment
2392	not_entailment
2393	entailment
2394	entailment
2395	entailment
2396	entailment
2397	not_entailment
2398	entailment
2399	not_entailment
2400	entailment
2401	entailment
2402	entailment
2403	not_entailment
2404	not_entailment
2405	entailment
2406	entailment
2407	entailment
2408	entailment
2409	not_entailment
2410	entailment
2411	entailment
2412	entailment
2413	not_entailment
2414	not_entailment
2415	entailment
2416	not_entailment
2417	entailment
2418	not_entailment
2419	not_entailment
2420	not_entailment
2421	entailment
2422	entailment
2423	not_entailment
2424	entailment
2425	entailment
2426	entailment
2427	entailment
2428	entailment
2429	entailment
2430	entailment
2431	entailment
2432	entailment
2433	not_entailment
2434	entailment
2435	not_entailment
2436	entailment
2437	not_entailment
2438	not_entailment
2439	entailment
2440	entailment
2441	entailment
2442	entailment
2443	not_entailment
2444	entailment
2445	not_entailment
2446	entailment
2447	entailment
2448	not_entailment
2449	entailment
2450	not_entailment
2451	entailment
2452	entailment
2453	entailment
2454	entailment
2455	entailment
2456	entailment
2457	entailment
2458	entailment
2459	not_entailment
2460	entailment
2461	entailment
2462	not_entailment
2463	entailment
2464	entailment
2465	not_entailment
2466	entailment
2467	entailment
2468	not_entailment
2469	entailment
2470	not_entailment
2471	not_entailment
2472	entailment
2473	entailment
2474	not_entailment
2475	not_entailment
2476	not_entailment
2477	entailment
2478	entailment
2479	not_entailment
2480	entailment
2481	entailment
2482	entailment
2483	entailment
2484	not_entailment
2485	entailment
2486	entailment
2487	not_entailment
2488	not_entailment
2489	entailment
2490	entailment
2491	entailment
2492	entailment
2493	not_entailment
2494	entailment
2495	not_entailment
2496	not_entailment
2497	not_entailment
2498	not_entailment
2499	not_entailment
2500	entailment
2501	entailment
2502	entailment
2503	entailment
2504	entailment
2505	entailment
2506	not_entailment
2507	not_entailment
2508	not_entailment
2509	entailment
2510	entailment
2511	not_entailment
2512	not_entailment
2513	not_entailment
2514	not_entailment
2515	entailment
2516	not_entailment
2517	not_entailment
2518	entailment
2519	entailment
2520	entailment
2521	entailment
2522	entailment
2523	entailment
2524	entailment
2525	not_entailment
2526	not_entailment
2527	entailment
2528	entailment
2529	not_entailment
2530	entailment
2531	not_entailment
2532	entailment
2533	entailment
2534	not_entailment
2535	not_entailment
2536	not_entailment
2537	not_entailment
2538	not_entailment
2539	entailment
2540	not_entailment
2541	entailment
2542	entailment
2543	entailment
2544	not_entailment
2545	entailment
2546	entailment
2547	not_entailment
2548	entailment
2549	not_entailment
2550	entailment
2551	entailment
2552	not_entailment
2553	not_entailment
2554	entailment
2555	not_entailment
2556	entailment
2557	entailment
2558	entailment
2559	not_entailment
2560	entailment
2561	not_entailment
2562	not_entailment
2563	entailment
2564	entailment
2565	entailment
2566	not_entailment
2567	entailment
2568	entailment
2569	entailment
2570	not_entailment
2571	entailment
2572	entailment
2573	entailment
2574	not_entailment
2575	entailment
2576	entailment
2577	entailment
2578	not_entailment
2579	entailment
2580	not_entailment
2581	entailment
2582	entailment
2583	entailment
2584	entailment
2585	not_entailment
2586	entailment
2587	not_entailment
2588	not_entailment
2589	not_entailment
2590	entailment
2591	not_entailment
2592	entailment
2593	entailment
2594	not_entailment
2595	not_entailment
2596	not_entailment
2597	not_entailment
2598	entailment
2599	entailment
2600	entailment
2601	entailment
2602	entailment
2603	not_entailment
2604	entailment
2605	entailment
2606	entailment
2607	not_entailment
2608	entailment
2609	entailment
2610	not_entailment
2611	entailment
2612	not_entailment
2613	entailment
2614	entailment
2615	entailment
2616	entailment
2617	entailment
2618	entailment
2619	not_entailment
2620	entailment
2621	entailment
2622	entailment
2623	entailment
2624	entailment
2625	entailment
2626	entailment
2627	entailment
2628	entailment
2629	entailment
2630	not_entailment
2631	entailment
2632	not_entailment
2633	not_entailment
2634	entailment
2635	entailment
2636	entailment
2637	not_entailment
2638	entailment
2639	entailment
2640	entailment
2641	entailment
2642	not_entailment
2643	entailment
2644	entailment
2645	not_entailment
2646	not_entailment
2647	entailment
2648	entailment
2649	entailment
2650	entailment
2651	entailment
2652	entailment
2653	entailment
2654	entailment
2655	entailment
2656	entailment
2657	entailment
2658	entailment
2659	entailment
2660	entailment
2661	entailment
2662	not_entailment
2663	not_entailment
2664	entailment
2665	entailment
2666	entailment
2667	not_entailment
2668	entailment
2669	entailment
2670	not_entailment
2671	entailment
2672	entailment
2673	entailment
2674	not_entailment
2675	not_entailment
2676	entailment
2677	entailment
2678	not_entailment
2679	not_entailment
2680	entailment
2681	entailment
2682	entailment
2683	entailment
2684	not_entailment
2685	entailment
2686	entailment
2687	entailment
2688	entailment
2689	not_entailment
2690	entailment
2691	entailment
2692	entailment
2693	entailment
2694	entailment
2695	entailment
2696	entailment
2697	not_entailment
2698	entailment
2699	entailment
2700	not_entailment
2701	entailment
2702	not_entailment
2703	not_entailment
2704	entailment
2705	entailment
2706	not_entailment
2707	not_entailment
2708	entailment
2709	not_entailment
2710	entailment
2711	entailment
2712	entailment
2713	entailment
2714	not_entailment
2715	entailment
2716	entailment
2717	entailment
2718	entailment
2719	entailment
2720	entailment
2721	entailment
2722	entailment
2723	entailment
2724	entailment
2725	entailment
2726	entailment
2727	entailment
2728	entailment
2729	entailment
2730	not_entailment
2731	entailment
2732	entailment
2733	not_entailment
2734	entailment
2735	not_entailment
2736	entailment
2737	not_entailment
2738	entailment
2739	entailment
2740	not_entailment
2741	not_entailment
2742	not_entailment
2743	entailment
2744	entailment
2745	entailment
2746	entailment
2747	entailment
2748	entailment
2749	entailment
2750	not_entailment
2751	entailment
2752	entailment
2753	entailment
2754	not_entailment
2755	entailment
2756	entailment
2757	not_entailment
2758	entailment
2759	entailment
2760	entailment
2761	entailment
2762	entailment
2763	entailment
2764	not_entailment
2765	entailment
2766	not_entailment
2767	entailment
2768	entailment
2769	entailment
2770	entailment
2771	not_entailment
2772	entailment
2773	entailment
2774	entailment
2775	entailment
2776	entailment
2777	entailment
2778	not_entailment
2779	entailment
2780	entailment
2781	entailment
2782	entailment
2783	not_entailment
2784	entailment
2785	not_entailment
2786	not_entailment
2787	not_entailment
2788	not_entailment
2789	entailment
2790	entailment
2791	entailment
2792	entailment
2793	entailment
2794	entailment
2795	entailment
2796	entailment
2797	entailment
2798	entailment
2799	entailment
2800	entailment
2801	entailment
2802	entailment
2803	entailment
2804	not_entailment
2805	entailment
2806	entailment
2807	not_entailment
2808	not_entailment
2809	entailment
2810	entailment
2811	entailment
2812	entailment
2813	entailment
2814	entailment
2815	entailment
2816	not_entailment
2817	entailment
2818	entailment
2819	entailment
2820	not_entailment
2821	not_entailment
2822	not_entailment
2823	not_entailment
2824	entailment
2825	entailment
2826	entailment
2827	entailment
2828	entailment
2829	not_entailment
2830	entailment
2831	entailment
2832	not_entailment
2833	not_entailment
2834	entailment
2835	entailment
2836	not_entailment
2837	entailment
2838	not_entailment
2839	not_entailment
2840	not_entailment
2841	not_entailment
2842	not_entailment
2843	not_entailment
2844	not_entailment
2845	entailment
2846	not_entailment
2847	not_entailment
2848	not_entailment
2849	not_entailment
2850	entailment
2851	not_entailment
2852	entailment
2853	entailment
2854	not_entailment
2855	entailment
2856	not_entailment
2857	entailment
2858	not_entailment
2859	not_entailment
2860	entailment
2861	not_entailment
2862	not_entailment
2863	not_entailment
2864	not_entailment
2865	entailment
2866	entailment
2867	not_entailment
2868	entailment
2869	entailment
2870	not_entailment
2871	not_entailment
2872	entailment
2873	entailment
2874	entailment
2875	not_entailment
2876	entailment
2877	entailment
2878	not_entailment
2879	entailment
2880	not_entailment
2881	not_entailment
2882	not_entailment
2883	not_entailment
2884	entailment
2885	entailment
2886	entailment
2887	entailment
2888	not_entailment
2889	entailment
2890	entailment
2891	entailment
2892	not_entailment
2893	not_entailment
2894	entailment
2895	entailment
2896	entailment
2897	entailment
2898	not_entailment
2899	entailment
2900	entailment
2901	entailment
2902	entailment
2903	not_entailment
2904	not_entailment
2905	entailment
2906	not_entailment
2907	not_entailment
2908	entailment
2909	entailment
2910	entailment
2911	entailment
2912	entailment
2913	not_entailment
2914	not_entailment
2915	not_entailment
2916	entailment
2917	not_entailment
2918	entailment
2919	entailment
2920	entailment
2921	entailment
2922	entailment
2923	entailment
2924	not_entailment
2925	entailment
2926	not_entailment
2927	not_entailment
2928	entailment
2929	not_entailment
2930	not_entailment
2931	entailment
2932	not_entailment
2933	entailment
2934	entailment
2935	entailment
2936	entailment
2937	not_entailment
2938	entailment
2939	entailment
2940	entailment
2941	not_entailment
2942	not_entailment
2943	entailment
2944	entailment
2945	entailment
2946	not_entailment
2947	entailment
2948	entailment
2949	entailment
2950	not_entailment
2951	entailment
2952	entailment
2953	not_entailment
2954	entailment
2955	entailment
2956	entailment
2957	entailment
2958	not_entailment
2959	not_entailment
2960	not_entailment
2961	not_entailment
2962	not_entailment
2963	not_entailment
2964	not_entailment
2965	not_entailment
2966	entailment
2967	entailment
2968	not_entailment
2969	not_entailment
2970	entailment
2971	entailment
2972	not_entailment
2973	entailment
2974	entailment
2975	not_entailment
2976	entailment
2977	entailment
2978	entailment
2979	not_entailment
2980	entailment
2981	entailment
2982	entailment
2983	entailment
2984	entailment
2985	not_entailment
2986	not_entailment
2987	not_entailment
2988	entailment
2989	not_entailment
2990	not_entailment
2991	not_entailment
2992	entailment
2993	entailment
2994	entailment
2995	entailment
2996	entailment
2997	entailment
2998	not_entailment
2999	not_entailment
