index	prediction
0	not_entailment
1	entailment
2	entailment
3	entailment
4	not_entailment
5	entailment
6	not_entailment
7	not_entailment
8	entailment
9	not_entailment
10	entailment
11	entailment
12	entailment
13	not_entailment
14	entailment
15	entailment
16	not_entailment
17	entailment
18	not_entailment
19	entailment
20	entailment
21	entailment
22	entailment
23	entailment
24	not_entailment
25	entailment
26	entailment
27	entailment
28	entailment
29	entailment
30	entailment
31	entailment
32	entailment
33	entailment
34	entailment
35	entailment
36	entailment
37	not_entailment
38	entailment
39	entailment
40	entailment
41	not_entailment
42	not_entailment
43	entailment
44	entailment
45	not_entailment
46	entailment
47	entailment
48	entailment
49	entailment
50	entailment
51	entailment
52	entailment
53	not_entailment
54	entailment
55	not_entailment
56	entailment
57	entailment
58	entailment
59	not_entailment
60	entailment
61	entailment
62	entailment
63	entailment
64	entailment
65	entailment
66	not_entailment
67	not_entailment
68	not_entailment
69	entailment
70	entailment
71	entailment
72	entailment
73	entailment
74	entailment
75	not_entailment
76	not_entailment
77	entailment
78	entailment
79	entailment
80	not_entailment
81	not_entailment
82	entailment
83	not_entailment
84	entailment
85	entailment
86	entailment
87	entailment
88	entailment
89	entailment
90	entailment
91	entailment
92	entailment
93	entailment
94	entailment
95	entailment
96	entailment
97	not_entailment
98	entailment
99	entailment
100	not_entailment
101	entailment
102	entailment
103	not_entailment
104	entailment
105	entailment
106	entailment
107	not_entailment
108	entailment
109	entailment
110	entailment
111	entailment
112	entailment
113	entailment
114	entailment
115	entailment
116	entailment
117	entailment
118	not_entailment
119	entailment
120	entailment
121	not_entailment
122	not_entailment
123	entailment
124	not_entailment
125	entailment
126	entailment
127	not_entailment
128	entailment
129	entailment
130	not_entailment
131	entailment
132	not_entailment
133	entailment
134	entailment
135	not_entailment
136	entailment
137	entailment
138	entailment
139	entailment
140	entailment
141	entailment
142	entailment
143	entailment
144	entailment
145	entailment
146	not_entailment
147	not_entailment
148	entailment
149	entailment
150	entailment
151	entailment
152	entailment
153	entailment
154	entailment
155	entailment
156	entailment
157	entailment
158	entailment
159	not_entailment
160	entailment
161	entailment
162	entailment
163	not_entailment
164	entailment
165	entailment
166	entailment
167	not_entailment
168	entailment
169	not_entailment
170	not_entailment
171	entailment
172	not_entailment
173	entailment
174	not_entailment
175	entailment
176	entailment
177	entailment
178	not_entailment
179	entailment
180	not_entailment
181	entailment
182	entailment
183	not_entailment
184	entailment
185	entailment
186	entailment
187	not_entailment
188	entailment
189	entailment
190	not_entailment
191	entailment
192	not_entailment
193	entailment
194	entailment
195	entailment
196	entailment
197	not_entailment
198	entailment
199	entailment
200	entailment
201	entailment
202	entailment
203	not_entailment
204	not_entailment
205	entailment
206	not_entailment
207	not_entailment
208	not_entailment
209	entailment
210	entailment
211	entailment
212	entailment
213	not_entailment
214	entailment
215	entailment
216	not_entailment
217	entailment
218	not_entailment
219	not_entailment
220	not_entailment
221	entailment
222	entailment
223	entailment
224	not_entailment
225	entailment
226	entailment
227	not_entailment
228	entailment
229	not_entailment
230	entailment
231	entailment
232	not_entailment
233	not_entailment
234	not_entailment
235	not_entailment
236	entailment
237	entailment
238	not_entailment
239	entailment
240	not_entailment
241	entailment
242	entailment
243	entailment
244	entailment
245	not_entailment
246	entailment
247	entailment
248	entailment
249	entailment
250	not_entailment
251	entailment
252	not_entailment
253	entailment
254	entailment
255	entailment
256	entailment
257	not_entailment
258	entailment
259	entailment
260	not_entailment
261	entailment
262	entailment
263	entailment
264	entailment
265	entailment
266	not_entailment
267	entailment
268	entailment
269	entailment
270	entailment
271	entailment
272	not_entailment
273	entailment
274	not_entailment
275	entailment
276	entailment
277	entailment
278	not_entailment
279	not_entailment
280	entailment
281	entailment
282	entailment
283	entailment
284	not_entailment
285	entailment
286	not_entailment
287	entailment
288	not_entailment
289	entailment
290	entailment
291	entailment
292	entailment
293	not_entailment
294	entailment
295	not_entailment
296	not_entailment
297	not_entailment
298	entailment
299	not_entailment
300	entailment
301	not_entailment
302	entailment
303	entailment
304	entailment
305	not_entailment
306	not_entailment
307	entailment
308	not_entailment
309	not_entailment
310	entailment
311	entailment
312	not_entailment
313	not_entailment
314	entailment
315	entailment
316	entailment
317	entailment
318	entailment
319	not_entailment
320	entailment
321	not_entailment
322	not_entailment
323	entailment
324	not_entailment
325	not_entailment
326	entailment
327	entailment
328	not_entailment
329	entailment
330	entailment
331	entailment
332	not_entailment
333	not_entailment
334	not_entailment
335	entailment
336	not_entailment
337	entailment
338	entailment
339	entailment
340	not_entailment
341	entailment
342	entailment
343	entailment
344	not_entailment
345	entailment
346	entailment
347	entailment
348	not_entailment
349	not_entailment
350	not_entailment
351	entailment
352	not_entailment
353	entailment
354	entailment
355	not_entailment
356	entailment
357	not_entailment
358	not_entailment
359	not_entailment
360	not_entailment
361	not_entailment
362	entailment
363	not_entailment
364	entailment
365	entailment
366	not_entailment
367	entailment
368	entailment
369	entailment
370	entailment
371	entailment
372	not_entailment
373	not_entailment
374	entailment
375	entailment
376	not_entailment
377	entailment
378	not_entailment
379	entailment
380	not_entailment
381	entailment
382	not_entailment
383	entailment
384	not_entailment
385	entailment
386	not_entailment
387	not_entailment
388	entailment
389	not_entailment
390	not_entailment
391	entailment
392	entailment
393	not_entailment
394	entailment
395	entailment
396	not_entailment
397	not_entailment
398	entailment
399	entailment
400	entailment
401	entailment
402	entailment
403	not_entailment
404	entailment
405	entailment
406	entailment
407	entailment
408	not_entailment
409	entailment
410	entailment
411	entailment
412	entailment
413	entailment
414	entailment
415	not_entailment
416	entailment
417	not_entailment
418	entailment
419	entailment
420	entailment
421	entailment
422	entailment
423	entailment
424	entailment
425	not_entailment
426	entailment
427	entailment
428	entailment
429	not_entailment
430	entailment
431	not_entailment
432	entailment
433	entailment
434	entailment
435	entailment
436	not_entailment
437	entailment
438	entailment
439	not_entailment
440	entailment
441	not_entailment
442	entailment
443	not_entailment
444	entailment
445	entailment
446	entailment
447	entailment
448	entailment
449	entailment
450	entailment
451	entailment
452	entailment
453	entailment
454	entailment
455	entailment
456	entailment
457	entailment
458	entailment
459	entailment
460	entailment
461	not_entailment
462	entailment
463	entailment
464	entailment
465	entailment
466	entailment
467	entailment
468	entailment
469	entailment
470	entailment
471	entailment
472	entailment
473	entailment
474	entailment
475	entailment
476	entailment
477	entailment
478	entailment
479	entailment
480	entailment
481	entailment
482	entailment
483	entailment
484	entailment
485	entailment
486	entailment
487	entailment
488	entailment
489	entailment
490	entailment
491	entailment
492	entailment
493	entailment
494	entailment
495	entailment
496	not_entailment
497	entailment
498	entailment
499	entailment
500	entailment
501	entailment
502	entailment
503	entailment
504	entailment
505	entailment
506	not_entailment
507	entailment
508	not_entailment
509	entailment
510	entailment
511	entailment
512	not_entailment
513	entailment
514	entailment
515	entailment
516	entailment
517	not_entailment
518	entailment
519	entailment
520	not_entailment
521	entailment
522	entailment
523	entailment
524	entailment
525	not_entailment
526	entailment
527	entailment
528	entailment
529	entailment
530	entailment
531	entailment
532	entailment
533	not_entailment
534	entailment
535	entailment
536	not_entailment
537	entailment
538	entailment
539	entailment
540	entailment
541	entailment
542	entailment
543	entailment
544	entailment
545	not_entailment
546	entailment
547	entailment
548	entailment
549	entailment
550	entailment
551	entailment
552	entailment
553	entailment
554	entailment
555	not_entailment
556	entailment
557	not_entailment
558	entailment
559	not_entailment
560	not_entailment
561	entailment
562	entailment
563	not_entailment
564	entailment
565	entailment
566	entailment
567	entailment
568	entailment
569	entailment
570	entailment
571	entailment
572	entailment
573	not_entailment
574	entailment
575	entailment
576	entailment
577	entailment
578	not_entailment
579	entailment
580	entailment
581	not_entailment
582	entailment
583	entailment
584	entailment
585	entailment
586	entailment
587	not_entailment
588	entailment
589	entailment
590	entailment
591	entailment
592	not_entailment
593	entailment
594	entailment
595	entailment
596	entailment
597	not_entailment
598	entailment
599	entailment
600	entailment
601	entailment
602	not_entailment
603	entailment
604	not_entailment
605	not_entailment
606	entailment
607	entailment
608	not_entailment
609	entailment
610	not_entailment
611	not_entailment
612	entailment
613	not_entailment
614	not_entailment
615	not_entailment
616	entailment
617	not_entailment
618	not_entailment
619	entailment
620	not_entailment
621	not_entailment
622	entailment
623	entailment
624	entailment
625	not_entailment
626	not_entailment
627	entailment
628	not_entailment
629	not_entailment
630	not_entailment
631	entailment
632	entailment
633	not_entailment
634	not_entailment
635	not_entailment
636	entailment
637	not_entailment
638	not_entailment
639	not_entailment
640	entailment
641	entailment
642	entailment
643	not_entailment
644	entailment
645	not_entailment
646	entailment
647	entailment
648	entailment
649	entailment
650	not_entailment
651	not_entailment
652	entailment
653	entailment
654	entailment
655	not_entailment
656	entailment
657	entailment
658	not_entailment
659	not_entailment
660	entailment
661	not_entailment
662	entailment
663	entailment
664	not_entailment
665	not_entailment
666	entailment
667	entailment
668	not_entailment
669	not_entailment
670	entailment
671	entailment
672	entailment
673	entailment
674	not_entailment
675	entailment
676	not_entailment
677	not_entailment
678	entailment
679	entailment
680	not_entailment
681	entailment
682	not_entailment
683	not_entailment
684	not_entailment
685	entailment
686	entailment
687	entailment
688	entailment
689	entailment
690	entailment
691	entailment
692	entailment
693	not_entailment
694	not_entailment
695	not_entailment
696	not_entailment
697	not_entailment
698	entailment
699	not_entailment
700	not_entailment
701	entailment
702	not_entailment
703	not_entailment
704	entailment
705	not_entailment
706	entailment
707	entailment
708	entailment
709	entailment
710	not_entailment
711	entailment
712	entailment
713	not_entailment
714	not_entailment
715	not_entailment
716	entailment
717	not_entailment
718	not_entailment
719	not_entailment
720	entailment
721	entailment
722	not_entailment
723	not_entailment
724	entailment
725	entailment
726	entailment
727	not_entailment
728	not_entailment
729	entailment
730	entailment
731	entailment
732	not_entailment
733	entailment
734	entailment
735	not_entailment
736	not_entailment
737	not_entailment
738	not_entailment
739	entailment
740	not_entailment
741	entailment
742	not_entailment
743	entailment
744	entailment
745	entailment
746	not_entailment
747	not_entailment
748	not_entailment
749	entailment
750	entailment
751	entailment
752	entailment
753	not_entailment
754	not_entailment
755	not_entailment
756	entailment
757	not_entailment
758	entailment
759	entailment
760	not_entailment
761	not_entailment
762	entailment
763	entailment
764	not_entailment
765	not_entailment
766	entailment
767	entailment
768	entailment
769	not_entailment
770	entailment
771	not_entailment
772	not_entailment
773	not_entailment
774	not_entailment
775	entailment
776	entailment
777	entailment
778	entailment
779	not_entailment
780	not_entailment
781	not_entailment
782	entailment
783	entailment
784	entailment
785	entailment
786	not_entailment
787	entailment
788	entailment
789	entailment
790	not_entailment
791	entailment
792	entailment
793	entailment
794	not_entailment
795	entailment
796	entailment
797	entailment
798	not_entailment
799	not_entailment
800	entailment
801	entailment
802	entailment
803	entailment
804	entailment
805	entailment
806	entailment
807	not_entailment
808	entailment
809	entailment
810	entailment
811	not_entailment
812	entailment
813	entailment
814	entailment
815	entailment
816	entailment
817	entailment
818	entailment
819	entailment
820	entailment
821	not_entailment
822	not_entailment
823	entailment
824	entailment
825	entailment
826	entailment
827	entailment
828	entailment
829	not_entailment
830	entailment
831	entailment
832	entailment
833	entailment
834	entailment
835	entailment
836	entailment
837	entailment
838	entailment
839	entailment
840	entailment
841	entailment
842	entailment
843	not_entailment
844	entailment
845	entailment
846	entailment
847	entailment
848	entailment
849	entailment
850	not_entailment
851	entailment
852	entailment
853	entailment
854	entailment
855	entailment
856	entailment
857	entailment
858	entailment
859	entailment
860	entailment
861	entailment
862	entailment
863	entailment
864	entailment
865	entailment
866	entailment
867	not_entailment
868	entailment
869	entailment
870	entailment
871	entailment
872	entailment
873	entailment
874	entailment
875	entailment
876	entailment
877	entailment
878	entailment
879	not_entailment
880	entailment
881	entailment
882	entailment
883	entailment
884	entailment
885	entailment
886	entailment
887	entailment
888	entailment
889	entailment
890	entailment
891	entailment
892	entailment
893	entailment
894	entailment
895	not_entailment
896	entailment
897	not_entailment
898	entailment
899	not_entailment
900	not_entailment
901	entailment
902	entailment
903	not_entailment
904	not_entailment
905	entailment
906	entailment
907	entailment
908	entailment
909	entailment
910	entailment
911	entailment
912	entailment
913	entailment
914	entailment
915	entailment
916	entailment
917	entailment
918	entailment
919	not_entailment
920	entailment
921	entailment
922	entailment
923	entailment
924	not_entailment
925	entailment
926	entailment
927	entailment
928	entailment
929	not_entailment
930	entailment
931	entailment
932	not_entailment
933	entailment
934	entailment
935	not_entailment
936	entailment
937	not_entailment
938	not_entailment
939	entailment
940	entailment
941	entailment
942	entailment
943	not_entailment
944	not_entailment
945	not_entailment
946	entailment
947	not_entailment
948	entailment
949	not_entailment
950	entailment
951	entailment
952	not_entailment
953	not_entailment
954	entailment
955	entailment
956	not_entailment
957	entailment
958	not_entailment
959	not_entailment
960	entailment
961	entailment
962	entailment
963	entailment
964	not_entailment
965	entailment
966	entailment
967	not_entailment
968	not_entailment
969	entailment
970	entailment
971	entailment
972	entailment
973	entailment
974	not_entailment
975	entailment
976	not_entailment
977	not_entailment
978	entailment
979	not_entailment
980	entailment
981	not_entailment
982	entailment
983	entailment
984	not_entailment
985	not_entailment
986	entailment
987	entailment
988	not_entailment
989	entailment
990	entailment
991	not_entailment
992	not_entailment
993	entailment
994	not_entailment
995	entailment
996	entailment
997	not_entailment
998	entailment
999	not_entailment
1000	entailment
1001	entailment
1002	entailment
1003	entailment
1004	not_entailment
1005	not_entailment
1006	not_entailment
1007	entailment
1008	entailment
1009	entailment
1010	not_entailment
1011	entailment
1012	not_entailment
1013	not_entailment
1014	not_entailment
1015	not_entailment
1016	not_entailment
1017	entailment
1018	not_entailment
1019	entailment
1020	entailment
1021	entailment
1022	not_entailment
1023	entailment
1024	not_entailment
1025	not_entailment
1026	not_entailment
1027	not_entailment
1028	not_entailment
1029	not_entailment
1030	not_entailment
1031	not_entailment
1032	entailment
1033	entailment
1034	entailment
1035	not_entailment
1036	not_entailment
1037	not_entailment
1038	not_entailment
1039	entailment
1040	not_entailment
1041	not_entailment
1042	entailment
1043	not_entailment
1044	entailment
1045	entailment
1046	not_entailment
1047	not_entailment
1048	not_entailment
1049	not_entailment
1050	not_entailment
1051	entailment
1052	entailment
1053	entailment
1054	entailment
1055	entailment
1056	entailment
1057	entailment
1058	not_entailment
1059	not_entailment
1060	not_entailment
1061	not_entailment
1062	not_entailment
1063	entailment
1064	entailment
1065	entailment
1066	entailment
1067	entailment
1068	not_entailment
1069	entailment
1070	entailment
1071	entailment
1072	entailment
1073	entailment
1074	not_entailment
1075	not_entailment
1076	not_entailment
1077	entailment
1078	not_entailment
1079	not_entailment
1080	entailment
1081	not_entailment
1082	not_entailment
1083	entailment
1084	entailment
1085	not_entailment
1086	entailment
1087	not_entailment
1088	entailment
1089	not_entailment
1090	not_entailment
1091	not_entailment
1092	not_entailment
1093	not_entailment
1094	not_entailment
1095	entailment
1096	entailment
1097	entailment
1098	entailment
1099	entailment
1100	not_entailment
1101	not_entailment
1102	not_entailment
1103	not_entailment
1104	not_entailment
1105	not_entailment
1106	not_entailment
1107	not_entailment
1108	entailment
1109	not_entailment
1110	not_entailment
1111	not_entailment
1112	not_entailment
1113	entailment
1114	entailment
1115	entailment
1116	entailment
1117	not_entailment
1118	not_entailment
1119	not_entailment
1120	not_entailment
1121	not_entailment
1122	not_entailment
1123	not_entailment
1124	not_entailment
1125	not_entailment
1126	entailment
1127	not_entailment
1128	not_entailment
1129	not_entailment
1130	entailment
1131	entailment
1132	entailment
1133	not_entailment
1134	not_entailment
1135	not_entailment
1136	entailment
1137	not_entailment
1138	not_entailment
1139	entailment
1140	not_entailment
1141	entailment
1142	not_entailment
1143	not_entailment
1144	not_entailment
1145	entailment
1146	entailment
1147	entailment
1148	entailment
1149	entailment
1150	not_entailment
1151	entailment
1152	not_entailment
1153	entailment
1154	entailment
1155	entailment
1156	entailment
1157	entailment
1158	entailment
1159	entailment
1160	not_entailment
1161	not_entailment
1162	entailment
1163	entailment
1164	not_entailment
1165	entailment
1166	not_entailment
1167	not_entailment
1168	not_entailment
1169	not_entailment
1170	entailment
1171	entailment
1172	entailment
1173	entailment
1174	entailment
1175	entailment
1176	entailment
1177	entailment
1178	entailment
1179	entailment
1180	entailment
1181	entailment
1182	not_entailment
1183	not_entailment
1184	not_entailment
1185	entailment
1186	not_entailment
1187	not_entailment
1188	not_entailment
1189	not_entailment
1190	not_entailment
1191	entailment
1192	entailment
1193	entailment
1194	not_entailment
1195	entailment
1196	entailment
1197	not_entailment
1198	entailment
1199	entailment
1200	entailment
1201	entailment
1202	entailment
1203	not_entailment
1204	entailment
1205	entailment
1206	entailment
1207	entailment
1208	not_entailment
1209	not_entailment
1210	entailment
1211	not_entailment
1212	not_entailment
1213	not_entailment
1214	entailment
1215	not_entailment
1216	entailment
1217	not_entailment
1218	entailment
1219	not_entailment
1220	not_entailment
1221	not_entailment
1222	entailment
1223	entailment
1224	not_entailment
1225	not_entailment
1226	entailment
1227	not_entailment
1228	entailment
1229	entailment
1230	not_entailment
1231	entailment
1232	entailment
1233	not_entailment
1234	not_entailment
1235	entailment
1236	entailment
1237	entailment
1238	entailment
1239	entailment
1240	not_entailment
1241	entailment
1242	not_entailment
1243	not_entailment
1244	entailment
1245	entailment
1246	entailment
1247	not_entailment
1248	entailment
1249	not_entailment
1250	not_entailment
1251	entailment
1252	not_entailment
1253	entailment
1254	not_entailment
1255	entailment
1256	not_entailment
1257	not_entailment
1258	entailment
1259	entailment
1260	not_entailment
1261	not_entailment
1262	not_entailment
1263	not_entailment
1264	entailment
1265	entailment
1266	not_entailment
1267	not_entailment
1268	entailment
1269	not_entailment
1270	entailment
1271	entailment
1272	entailment
1273	entailment
1274	not_entailment
1275	not_entailment
1276	not_entailment
1277	entailment
1278	not_entailment
1279	entailment
1280	entailment
1281	not_entailment
1282	entailment
1283	not_entailment
1284	entailment
1285	not_entailment
1286	not_entailment
1287	entailment
1288	entailment
1289	not_entailment
1290	entailment
1291	entailment
1292	not_entailment
1293	entailment
1294	entailment
1295	entailment
1296	not_entailment
1297	not_entailment
1298	not_entailment
1299	not_entailment
1300	entailment
1301	not_entailment
1302	not_entailment
1303	not_entailment
1304	entailment
1305	entailment
1306	not_entailment
1307	not_entailment
1308	entailment
1309	not_entailment
1310	not_entailment
1311	entailment
1312	not_entailment
1313	entailment
1314	entailment
1315	not_entailment
1316	not_entailment
1317	entailment
1318	not_entailment
1319	entailment
1320	entailment
1321	entailment
1322	not_entailment
1323	not_entailment
1324	not_entailment
1325	not_entailment
1326	entailment
1327	not_entailment
1328	not_entailment
1329	entailment
1330	entailment
1331	entailment
1332	not_entailment
1333	entailment
1334	entailment
1335	entailment
1336	not_entailment
1337	entailment
1338	entailment
1339	not_entailment
1340	not_entailment
1341	entailment
1342	entailment
1343	entailment
1344	not_entailment
1345	not_entailment
1346	entailment
1347	entailment
1348	entailment
1349	entailment
1350	not_entailment
1351	not_entailment
1352	entailment
1353	not_entailment
1354	not_entailment
1355	entailment
1356	entailment
1357	entailment
1358	entailment
1359	entailment
1360	not_entailment
1361	not_entailment
1362	not_entailment
1363	not_entailment
1364	not_entailment
1365	entailment
1366	not_entailment
1367	not_entailment
1368	entailment
1369	entailment
1370	not_entailment
1371	not_entailment
1372	entailment
1373	entailment
1374	entailment
1375	not_entailment
1376	not_entailment
1377	not_entailment
1378	not_entailment
1379	not_entailment
1380	not_entailment
1381	entailment
1382	entailment
1383	not_entailment
1384	not_entailment
1385	not_entailment
1386	entailment
1387	entailment
1388	not_entailment
1389	not_entailment
1390	entailment
1391	not_entailment
1392	not_entailment
1393	entailment
1394	entailment
1395	entailment
1396	not_entailment
1397	entailment
1398	not_entailment
1399	entailment
1400	not_entailment
1401	not_entailment
1402	entailment
1403	entailment
1404	entailment
1405	entailment
1406	entailment
1407	entailment
1408	entailment
1409	not_entailment
1410	not_entailment
1411	not_entailment
1412	not_entailment
1413	entailment
1414	not_entailment
1415	not_entailment
1416	entailment
1417	entailment
1418	entailment
1419	not_entailment
1420	not_entailment
1421	entailment
1422	entailment
1423	entailment
1424	not_entailment
1425	not_entailment
1426	entailment
1427	entailment
1428	entailment
1429	entailment
1430	entailment
1431	entailment
1432	not_entailment
1433	entailment
1434	entailment
1435	not_entailment
1436	entailment
1437	entailment
1438	entailment
1439	entailment
1440	entailment
1441	entailment
1442	entailment
1443	entailment
1444	entailment
1445	entailment
1446	entailment
1447	entailment
1448	entailment
1449	entailment
1450	not_entailment
1451	not_entailment
1452	not_entailment
1453	entailment
1454	not_entailment
1455	entailment
1456	entailment
1457	entailment
1458	entailment
1459	entailment
1460	entailment
1461	entailment
1462	entailment
1463	entailment
1464	not_entailment
1465	entailment
1466	entailment
1467	entailment
1468	entailment
1469	not_entailment
1470	not_entailment
1471	entailment
1472	not_entailment
1473	entailment
1474	entailment
1475	entailment
1476	not_entailment
1477	not_entailment
1478	entailment
1479	entailment
1480	entailment
1481	not_entailment
1482	entailment
1483	entailment
1484	not_entailment
1485	entailment
1486	entailment
1487	entailment
1488	entailment
1489	not_entailment
1490	entailment
1491	entailment
1492	entailment
1493	entailment
1494	entailment
1495	entailment
1496	entailment
1497	entailment
1498	not_entailment
1499	not_entailment
1500	not_entailment
1501	entailment
1502	not_entailment
1503	not_entailment
1504	not_entailment
1505	entailment
1506	entailment
1507	entailment
1508	entailment
1509	entailment
1510	not_entailment
1511	entailment
1512	not_entailment
1513	not_entailment
1514	entailment
1515	entailment
1516	entailment
1517	entailment
1518	entailment
1519	entailment
1520	entailment
1521	entailment
1522	entailment
1523	entailment
1524	entailment
1525	entailment
1526	not_entailment
1527	entailment
1528	entailment
1529	not_entailment
1530	entailment
1531	entailment
1532	entailment
1533	entailment
1534	entailment
1535	not_entailment
1536	entailment
1537	not_entailment
1538	entailment
1539	not_entailment
1540	not_entailment
1541	not_entailment
1542	not_entailment
1543	entailment
1544	entailment
1545	entailment
1546	not_entailment
1547	entailment
1548	not_entailment
1549	entailment
1550	entailment
1551	entailment
1552	entailment
1553	entailment
1554	not_entailment
1555	entailment
1556	entailment
1557	entailment
1558	entailment
1559	entailment
1560	entailment
1561	entailment
1562	entailment
1563	entailment
1564	entailment
1565	entailment
1566	entailment
1567	entailment
1568	entailment
1569	entailment
1570	entailment
1571	entailment
1572	entailment
1573	entailment
1574	not_entailment
1575	not_entailment
1576	entailment
1577	entailment
1578	entailment
1579	entailment
1580	not_entailment
1581	entailment
1582	not_entailment
1583	entailment
1584	entailment
1585	entailment
1586	entailment
1587	entailment
1588	not_entailment
1589	not_entailment
1590	entailment
1591	not_entailment
1592	not_entailment
1593	not_entailment
1594	entailment
1595	entailment
1596	entailment
1597	entailment
1598	entailment
1599	entailment
1600	entailment
1601	entailment
1602	entailment
1603	not_entailment
1604	not_entailment
1605	entailment
1606	entailment
1607	not_entailment
1608	not_entailment
1609	entailment
1610	entailment
1611	not_entailment
1612	not_entailment
1613	entailment
1614	not_entailment
1615	not_entailment
1616	not_entailment
1617	entailment
1618	not_entailment
1619	entailment
1620	not_entailment
1621	entailment
1622	not_entailment
1623	entailment
1624	entailment
1625	not_entailment
1626	not_entailment
1627	entailment
1628	not_entailment
1629	entailment
1630	entailment
1631	not_entailment
1632	entailment
1633	entailment
1634	entailment
1635	entailment
1636	entailment
1637	entailment
1638	not_entailment
1639	not_entailment
1640	entailment
1641	not_entailment
1642	not_entailment
1643	entailment
1644	not_entailment
1645	not_entailment
1646	entailment
1647	not_entailment
1648	not_entailment
1649	not_entailment
1650	entailment
1651	entailment
1652	not_entailment
1653	not_entailment
1654	entailment
1655	entailment
1656	not_entailment
1657	entailment
1658	entailment
1659	not_entailment
1660	not_entailment
1661	entailment
1662	entailment
1663	not_entailment
1664	entailment
1665	entailment
1666	entailment
1667	not_entailment
1668	not_entailment
1669	entailment
1670	not_entailment
1671	entailment
1672	not_entailment
1673	not_entailment
1674	entailment
1675	not_entailment
1676	entailment
1677	entailment
1678	not_entailment
1679	not_entailment
1680	entailment
1681	entailment
1682	not_entailment
1683	not_entailment
1684	not_entailment
1685	not_entailment
1686	entailment
1687	entailment
1688	entailment
1689	not_entailment
1690	not_entailment
1691	not_entailment
1692	not_entailment
1693	not_entailment
1694	not_entailment
1695	entailment
1696	entailment
1697	entailment
1698	entailment
1699	not_entailment
1700	entailment
1701	entailment
1702	entailment
1703	entailment
1704	entailment
1705	not_entailment
1706	not_entailment
1707	entailment
1708	not_entailment
1709	not_entailment
1710	not_entailment
1711	not_entailment
1712	not_entailment
1713	entailment
1714	not_entailment
1715	entailment
1716	entailment
1717	not_entailment
1718	not_entailment
1719	entailment
1720	not_entailment
1721	entailment
1722	entailment
1723	not_entailment
1724	not_entailment
1725	not_entailment
1726	not_entailment
1727	entailment
1728	entailment
1729	not_entailment
1730	not_entailment
1731	entailment
1732	not_entailment
1733	entailment
1734	entailment
1735	not_entailment
1736	entailment
1737	entailment
1738	not_entailment
1739	not_entailment
1740	entailment
1741	not_entailment
1742	not_entailment
1743	not_entailment
1744	entailment
1745	not_entailment
1746	not_entailment
1747	not_entailment
1748	not_entailment
1749	not_entailment
1750	entailment
1751	entailment
1752	entailment
1753	not_entailment
1754	entailment
1755	entailment
1756	entailment
1757	entailment
1758	entailment
1759	entailment
1760	entailment
1761	entailment
1762	entailment
1763	not_entailment
1764	not_entailment
1765	not_entailment
1766	entailment
1767	not_entailment
1768	entailment
1769	entailment
1770	entailment
1771	entailment
1772	entailment
1773	entailment
1774	not_entailment
1775	entailment
1776	entailment
1777	entailment
1778	entailment
1779	entailment
1780	not_entailment
1781	entailment
1782	not_entailment
1783	not_entailment
1784	not_entailment
1785	entailment
1786	entailment
1787	entailment
1788	not_entailment
1789	not_entailment
1790	entailment
1791	entailment
1792	entailment
1793	entailment
1794	entailment
1795	entailment
1796	not_entailment
1797	entailment
1798	entailment
1799	not_entailment
1800	entailment
1801	entailment
1802	entailment
1803	entailment
1804	not_entailment
1805	entailment
1806	not_entailment
1807	entailment
1808	not_entailment
1809	entailment
1810	entailment
1811	entailment
1812	not_entailment
1813	entailment
1814	entailment
1815	not_entailment
1816	entailment
1817	not_entailment
1818	not_entailment
1819	entailment
1820	not_entailment
1821	entailment
1822	entailment
1823	not_entailment
1824	entailment
1825	entailment
1826	entailment
1827	not_entailment
1828	entailment
1829	entailment
1830	not_entailment
1831	entailment
1832	not_entailment
1833	entailment
1834	not_entailment
1835	entailment
1836	entailment
1837	not_entailment
1838	entailment
1839	entailment
1840	entailment
1841	entailment
1842	entailment
1843	not_entailment
1844	entailment
1845	entailment
1846	not_entailment
1847	not_entailment
1848	entailment
1849	not_entailment
1850	entailment
1851	entailment
1852	entailment
1853	entailment
1854	not_entailment
1855	not_entailment
1856	not_entailment
1857	entailment
1858	not_entailment
1859	not_entailment
1860	entailment
1861	entailment
1862	entailment
1863	entailment
1864	entailment
1865	entailment
1866	entailment
1867	entailment
1868	entailment
1869	entailment
1870	entailment
1871	entailment
1872	entailment
1873	entailment
1874	entailment
1875	entailment
1876	entailment
1877	not_entailment
1878	not_entailment
1879	entailment
1880	not_entailment
1881	entailment
1882	not_entailment
1883	entailment
1884	entailment
1885	not_entailment
1886	not_entailment
1887	not_entailment
1888	entailment
1889	not_entailment
1890	not_entailment
1891	not_entailment
1892	entailment
1893	not_entailment
1894	not_entailment
1895	not_entailment
1896	entailment
1897	not_entailment
1898	not_entailment
1899	entailment
1900	entailment
1901	entailment
1902	not_entailment
1903	entailment
1904	entailment
1905	entailment
1906	not_entailment
1907	not_entailment
1908	entailment
1909	entailment
1910	not_entailment
1911	not_entailment
1912	entailment
1913	entailment
1914	not_entailment
1915	not_entailment
1916	not_entailment
1917	entailment
1918	not_entailment
1919	entailment
1920	not_entailment
1921	not_entailment
1922	not_entailment
1923	entailment
1924	entailment
1925	entailment
1926	entailment
1927	not_entailment
1928	not_entailment
1929	entailment
1930	entailment
1931	entailment
1932	entailment
1933	not_entailment
1934	entailment
1935	entailment
1936	not_entailment
1937	not_entailment
1938	not_entailment
1939	not_entailment
1940	entailment
1941	entailment
1942	not_entailment
1943	not_entailment
1944	entailment
1945	entailment
1946	not_entailment
1947	entailment
1948	not_entailment
1949	not_entailment
1950	not_entailment
1951	not_entailment
1952	not_entailment
1953	not_entailment
1954	not_entailment
1955	entailment
1956	entailment
1957	entailment
1958	entailment
1959	entailment
1960	not_entailment
1961	not_entailment
1962	entailment
1963	not_entailment
1964	not_entailment
1965	entailment
1966	entailment
1967	entailment
1968	not_entailment
1969	not_entailment
1970	entailment
1971	entailment
1972	not_entailment
1973	entailment
1974	not_entailment
1975	entailment
1976	not_entailment
1977	entailment
1978	entailment
1979	entailment
1980	entailment
1981	entailment
1982	not_entailment
1983	entailment
1984	not_entailment
1985	not_entailment
1986	entailment
1987	entailment
1988	entailment
1989	not_entailment
1990	entailment
1991	entailment
1992	entailment
1993	not_entailment
1994	not_entailment
1995	entailment
1996	entailment
1997	entailment
1998	entailment
1999	entailment
2000	not_entailment
2001	not_entailment
2002	entailment
2003	not_entailment
2004	not_entailment
2005	not_entailment
2006	not_entailment
2007	not_entailment
2008	not_entailment
2009	not_entailment
2010	not_entailment
2011	entailment
2012	entailment
2013	entailment
2014	not_entailment
2015	not_entailment
2016	entailment
2017	entailment
2018	not_entailment
2019	entailment
2020	not_entailment
2021	not_entailment
2022	entailment
2023	entailment
2024	entailment
2025	not_entailment
2026	not_entailment
2027	not_entailment
2028	entailment
2029	not_entailment
2030	not_entailment
2031	entailment
2032	not_entailment
2033	entailment
2034	entailment
2035	entailment
2036	entailment
2037	not_entailment
2038	entailment
2039	not_entailment
2040	entailment
2041	not_entailment
2042	entailment
2043	not_entailment
2044	not_entailment
2045	entailment
2046	not_entailment
2047	not_entailment
2048	not_entailment
2049	entailment
2050	entailment
2051	entailment
2052	not_entailment
2053	entailment
2054	not_entailment
2055	not_entailment
2056	not_entailment
2057	not_entailment
2058	not_entailment
2059	not_entailment
2060	entailment
2061	entailment
2062	not_entailment
2063	entailment
2064	not_entailment
2065	not_entailment
2066	not_entailment
2067	not_entailment
2068	entailment
2069	entailment
2070	entailment
2071	entailment
2072	entailment
2073	not_entailment
2074	entailment
2075	entailment
2076	entailment
2077	entailment
2078	not_entailment
2079	entailment
2080	entailment
2081	entailment
2082	not_entailment
2083	entailment
2084	entailment
2085	entailment
2086	not_entailment
2087	entailment
2088	entailment
2089	entailment
2090	entailment
2091	entailment
2092	entailment
2093	entailment
2094	entailment
2095	not_entailment
2096	not_entailment
2097	not_entailment
2098	entailment
2099	entailment
2100	not_entailment
2101	entailment
2102	not_entailment
2103	entailment
2104	not_entailment
2105	entailment
2106	entailment
2107	entailment
2108	entailment
2109	entailment
2110	not_entailment
2111	entailment
2112	entailment
2113	entailment
2114	entailment
2115	entailment
2116	not_entailment
2117	entailment
2118	entailment
2119	entailment
2120	entailment
2121	not_entailment
2122	entailment
2123	entailment
2124	entailment
2125	entailment
2126	entailment
2127	entailment
2128	entailment
2129	entailment
2130	not_entailment
2131	entailment
2132	not_entailment
2133	not_entailment
2134	not_entailment
2135	entailment
2136	entailment
2137	entailment
2138	not_entailment
2139	not_entailment
2140	entailment
2141	entailment
2142	entailment
2143	not_entailment
2144	not_entailment
2145	entailment
2146	entailment
2147	not_entailment
2148	entailment
2149	not_entailment
2150	entailment
2151	entailment
2152	entailment
2153	entailment
2154	entailment
2155	entailment
2156	not_entailment
2157	entailment
2158	entailment
2159	entailment
2160	not_entailment
2161	entailment
2162	entailment
2163	entailment
2164	entailment
2165	not_entailment
2166	entailment
2167	entailment
2168	entailment
2169	not_entailment
2170	not_entailment
2171	entailment
2172	not_entailment
2173	not_entailment
2174	entailment
2175	not_entailment
2176	entailment
2177	entailment
2178	not_entailment
2179	entailment
2180	entailment
2181	not_entailment
2182	not_entailment
2183	not_entailment
2184	not_entailment
2185	entailment
2186	not_entailment
2187	entailment
2188	entailment
2189	entailment
2190	entailment
2191	not_entailment
2192	entailment
2193	not_entailment
2194	not_entailment
2195	entailment
2196	entailment
2197	entailment
2198	entailment
2199	entailment
2200	not_entailment
2201	entailment
2202	not_entailment
2203	entailment
2204	not_entailment
2205	entailment
2206	not_entailment
2207	not_entailment
2208	entailment
2209	not_entailment
2210	entailment
2211	not_entailment
2212	entailment
2213	entailment
2214	entailment
2215	entailment
2216	not_entailment
2217	not_entailment
2218	entailment
2219	not_entailment
2220	entailment
2221	entailment
2222	entailment
2223	entailment
2224	not_entailment
2225	not_entailment
2226	entailment
2227	entailment
2228	entailment
2229	entailment
2230	entailment
2231	not_entailment
2232	not_entailment
2233	not_entailment
2234	entailment
2235	not_entailment
2236	not_entailment
2237	entailment
2238	entailment
2239	not_entailment
2240	not_entailment
2241	not_entailment
2242	entailment
2243	not_entailment
2244	not_entailment
2245	not_entailment
2246	not_entailment
2247	entailment
2248	entailment
2249	not_entailment
2250	entailment
2251	entailment
2252	entailment
2253	not_entailment
2254	entailment
2255	entailment
2256	entailment
2257	entailment
2258	not_entailment
2259	entailment
2260	entailment
2261	not_entailment
2262	entailment
2263	not_entailment
2264	not_entailment
2265	entailment
2266	entailment
2267	entailment
2268	not_entailment
2269	not_entailment
2270	not_entailment
2271	entailment
2272	entailment
2273	not_entailment
2274	entailment
2275	entailment
2276	entailment
2277	entailment
2278	not_entailment
2279	entailment
2280	not_entailment
2281	entailment
2282	entailment
2283	not_entailment
2284	entailment
2285	entailment
2286	not_entailment
2287	not_entailment
2288	entailment
2289	entailment
2290	entailment
2291	entailment
2292	entailment
2293	entailment
2294	not_entailment
2295	entailment
2296	entailment
2297	not_entailment
2298	entailment
2299	entailment
2300	entailment
2301	not_entailment
2302	entailment
2303	entailment
2304	entailment
2305	entailment
2306	not_entailment
2307	not_entailment
2308	entailment
2309	not_entailment
2310	not_entailment
2311	entailment
2312	entailment
2313	entailment
2314	not_entailment
2315	not_entailment
2316	entailment
2317	entailment
2318	entailment
2319	entailment
2320	entailment
2321	entailment
2322	not_entailment
2323	entailment
2324	entailment
2325	entailment
2326	entailment
2327	not_entailment
2328	entailment
2329	entailment
2330	entailment
2331	not_entailment
2332	not_entailment
2333	entailment
2334	not_entailment
2335	entailment
2336	entailment
2337	entailment
2338	entailment
2339	entailment
2340	entailment
2341	entailment
2342	entailment
2343	entailment
2344	entailment
2345	entailment
2346	entailment
2347	entailment
2348	not_entailment
2349	not_entailment
2350	entailment
2351	entailment
2352	entailment
2353	not_entailment
2354	entailment
2355	entailment
2356	entailment
2357	entailment
2358	entailment
2359	entailment
2360	entailment
2361	entailment
2362	entailment
2363	not_entailment
2364	not_entailment
2365	not_entailment
2366	entailment
2367	entailment
2368	entailment
2369	entailment
2370	entailment
2371	not_entailment
2372	entailment
2373	entailment
2374	entailment
2375	entailment
2376	entailment
2377	entailment
2378	not_entailment
2379	entailment
2380	entailment
2381	entailment
2382	entailment
2383	entailment
2384	entailment
2385	entailment
2386	entailment
2387	not_entailment
2388	entailment
2389	entailment
2390	entailment
2391	entailment
2392	entailment
2393	entailment
2394	entailment
2395	entailment
2396	entailment
2397	not_entailment
2398	entailment
2399	not_entailment
2400	entailment
2401	entailment
2402	not_entailment
2403	not_entailment
2404	entailment
2405	entailment
2406	not_entailment
2407	entailment
2408	entailment
2409	entailment
2410	entailment
2411	entailment
2412	not_entailment
2413	not_entailment
2414	not_entailment
2415	entailment
2416	not_entailment
2417	not_entailment
2418	not_entailment
2419	not_entailment
2420	not_entailment
2421	entailment
2422	entailment
2423	entailment
2424	entailment
2425	entailment
2426	entailment
2427	entailment
2428	entailment
2429	entailment
2430	entailment
2431	entailment
2432	entailment
2433	not_entailment
2434	not_entailment
2435	not_entailment
2436	entailment
2437	entailment
2438	not_entailment
2439	not_entailment
2440	entailment
2441	entailment
2442	not_entailment
2443	not_entailment
2444	not_entailment
2445	not_entailment
2446	entailment
2447	entailment
2448	not_entailment
2449	entailment
2450	not_entailment
2451	entailment
2452	not_entailment
2453	entailment
2454	not_entailment
2455	not_entailment
2456	entailment
2457	not_entailment
2458	entailment
2459	not_entailment
2460	not_entailment
2461	not_entailment
2462	entailment
2463	entailment
2464	entailment
2465	not_entailment
2466	entailment
2467	entailment
2468	not_entailment
2469	entailment
2470	entailment
2471	not_entailment
2472	entailment
2473	not_entailment
2474	entailment
2475	entailment
2476	not_entailment
2477	entailment
2478	entailment
2479	not_entailment
2480	entailment
2481	entailment
2482	entailment
2483	not_entailment
2484	not_entailment
2485	not_entailment
2486	not_entailment
2487	not_entailment
2488	entailment
2489	not_entailment
2490	not_entailment
2491	entailment
2492	not_entailment
2493	entailment
2494	not_entailment
2495	entailment
2496	not_entailment
2497	not_entailment
2498	not_entailment
2499	not_entailment
2500	entailment
2501	not_entailment
2502	entailment
2503	entailment
2504	not_entailment
2505	not_entailment
2506	entailment
2507	not_entailment
2508	not_entailment
2509	entailment
2510	entailment
2511	not_entailment
2512	entailment
2513	not_entailment
2514	not_entailment
2515	entailment
2516	not_entailment
2517	not_entailment
2518	entailment
2519	entailment
2520	entailment
2521	not_entailment
2522	entailment
2523	entailment
2524	entailment
2525	not_entailment
2526	entailment
2527	entailment
2528	entailment
2529	not_entailment
2530	not_entailment
2531	not_entailment
2532	entailment
2533	entailment
2534	not_entailment
2535	not_entailment
2536	not_entailment
2537	not_entailment
2538	not_entailment
2539	entailment
2540	entailment
2541	entailment
2542	entailment
2543	entailment
2544	not_entailment
2545	not_entailment
2546	not_entailment
2547	not_entailment
2548	not_entailment
2549	not_entailment
2550	entailment
2551	entailment
2552	entailment
2553	entailment
2554	entailment
2555	entailment
2556	entailment
2557	entailment
2558	entailment
2559	not_entailment
2560	entailment
2561	entailment
2562	not_entailment
2563	not_entailment
2564	not_entailment
2565	entailment
2566	not_entailment
2567	not_entailment
2568	entailment
2569	entailment
2570	not_entailment
2571	not_entailment
2572	entailment
2573	entailment
2574	not_entailment
2575	entailment
2576	entailment
2577	entailment
2578	not_entailment
2579	entailment
2580	entailment
2581	not_entailment
2582	not_entailment
2583	not_entailment
2584	entailment
2585	not_entailment
2586	entailment
2587	not_entailment
2588	entailment
2589	entailment
2590	entailment
2591	not_entailment
2592	not_entailment
2593	not_entailment
2594	not_entailment
2595	not_entailment
2596	not_entailment
2597	not_entailment
2598	entailment
2599	not_entailment
2600	entailment
2601	not_entailment
2602	entailment
2603	not_entailment
2604	entailment
2605	entailment
2606	not_entailment
2607	not_entailment
2608	entailment
2609	entailment
2610	entailment
2611	not_entailment
2612	not_entailment
2613	entailment
2614	entailment
2615	not_entailment
2616	entailment
2617	entailment
2618	not_entailment
2619	not_entailment
2620	not_entailment
2621	entailment
2622	entailment
2623	entailment
2624	entailment
2625	entailment
2626	entailment
2627	entailment
2628	entailment
2629	entailment
2630	not_entailment
2631	entailment
2632	entailment
2633	not_entailment
2634	entailment
2635	not_entailment
2636	entailment
2637	entailment
2638	entailment
2639	entailment
2640	not_entailment
2641	entailment
2642	not_entailment
2643	entailment
2644	not_entailment
2645	not_entailment
2646	not_entailment
2647	entailment
2648	not_entailment
2649	entailment
2650	not_entailment
2651	entailment
2652	not_entailment
2653	entailment
2654	not_entailment
2655	not_entailment
2656	entailment
2657	entailment
2658	entailment
2659	entailment
2660	entailment
2661	entailment
2662	entailment
2663	entailment
2664	entailment
2665	entailment
2666	not_entailment
2667	not_entailment
2668	entailment
2669	not_entailment
2670	not_entailment
2671	entailment
2672	entailment
2673	entailment
2674	not_entailment
2675	not_entailment
2676	entailment
2677	entailment
2678	not_entailment
2679	not_entailment
2680	not_entailment
2681	entailment
2682	not_entailment
2683	not_entailment
2684	entailment
2685	entailment
2686	entailment
2687	not_entailment
2688	not_entailment
2689	not_entailment
2690	not_entailment
2691	entailment
2692	entailment
2693	entailment
2694	not_entailment
2695	entailment
2696	entailment
2697	not_entailment
2698	entailment
2699	entailment
2700	entailment
2701	not_entailment
2702	entailment
2703	entailment
2704	not_entailment
2705	not_entailment
2706	not_entailment
2707	not_entailment
2708	not_entailment
2709	entailment
2710	entailment
2711	entailment
2712	entailment
2713	not_entailment
2714	not_entailment
2715	entailment
2716	entailment
2717	entailment
2718	entailment
2719	entailment
2720	entailment
2721	not_entailment
2722	entailment
2723	not_entailment
2724	entailment
2725	entailment
2726	entailment
2727	entailment
2728	entailment
2729	not_entailment
2730	entailment
2731	not_entailment
2732	entailment
2733	not_entailment
2734	not_entailment
2735	not_entailment
2736	entailment
2737	entailment
2738	not_entailment
2739	entailment
2740	not_entailment
2741	not_entailment
2742	not_entailment
2743	not_entailment
2744	entailment
2745	entailment
2746	entailment
2747	not_entailment
2748	entailment
2749	not_entailment
2750	entailment
2751	entailment
2752	entailment
2753	entailment
2754	not_entailment
2755	entailment
2756	not_entailment
2757	not_entailment
2758	not_entailment
2759	not_entailment
2760	entailment
2761	entailment
2762	entailment
2763	entailment
2764	entailment
2765	entailment
2766	not_entailment
2767	entailment
2768	not_entailment
2769	entailment
2770	entailment
2771	not_entailment
2772	entailment
2773	not_entailment
2774	entailment
2775	entailment
2776	entailment
2777	entailment
2778	not_entailment
2779	entailment
2780	entailment
2781	entailment
2782	not_entailment
2783	not_entailment
2784	entailment
2785	entailment
2786	entailment
2787	entailment
2788	not_entailment
2789	entailment
2790	not_entailment
2791	not_entailment
2792	entailment
2793	not_entailment
2794	entailment
2795	entailment
2796	entailment
2797	entailment
2798	not_entailment
2799	entailment
2800	not_entailment
2801	not_entailment
2802	not_entailment
2803	entailment
2804	not_entailment
2805	entailment
2806	not_entailment
2807	entailment
2808	not_entailment
2809	entailment
2810	entailment
2811	not_entailment
2812	entailment
2813	entailment
2814	not_entailment
2815	entailment
2816	not_entailment
2817	entailment
2818	entailment
2819	entailment
2820	entailment
2821	entailment
2822	not_entailment
2823	entailment
2824	entailment
2825	entailment
2826	entailment
2827	entailment
2828	entailment
2829	entailment
2830	entailment
2831	entailment
2832	not_entailment
2833	not_entailment
2834	not_entailment
2835	entailment
2836	not_entailment
2837	entailment
2838	not_entailment
2839	not_entailment
2840	entailment
2841	not_entailment
2842	not_entailment
2843	entailment
2844	not_entailment
2845	entailment
2846	entailment
2847	not_entailment
2848	not_entailment
2849	not_entailment
2850	entailment
2851	not_entailment
2852	not_entailment
2853	not_entailment
2854	not_entailment
2855	entailment
2856	not_entailment
2857	not_entailment
2858	not_entailment
2859	not_entailment
2860	entailment
2861	not_entailment
2862	entailment
2863	not_entailment
2864	not_entailment
2865	entailment
2866	entailment
2867	not_entailment
2868	not_entailment
2869	entailment
2870	not_entailment
2871	not_entailment
2872	entailment
2873	entailment
2874	entailment
2875	not_entailment
2876	entailment
2877	entailment
2878	not_entailment
2879	entailment
2880	entailment
2881	not_entailment
2882	not_entailment
2883	not_entailment
2884	entailment
2885	entailment
2886	not_entailment
2887	entailment
2888	not_entailment
2889	not_entailment
2890	not_entailment
2891	entailment
2892	not_entailment
2893	not_entailment
2894	not_entailment
2895	entailment
2896	not_entailment
2897	not_entailment
2898	not_entailment
2899	entailment
2900	not_entailment
2901	entailment
2902	entailment
2903	entailment
2904	not_entailment
2905	entailment
2906	not_entailment
2907	not_entailment
2908	entailment
2909	entailment
2910	entailment
2911	not_entailment
2912	entailment
2913	not_entailment
2914	not_entailment
2915	not_entailment
2916	entailment
2917	not_entailment
2918	entailment
2919	not_entailment
2920	entailment
2921	entailment
2922	not_entailment
2923	entailment
2924	entailment
2925	not_entailment
2926	not_entailment
2927	not_entailment
2928	not_entailment
2929	not_entailment
2930	entailment
2931	entailment
2932	not_entailment
2933	entailment
2934	entailment
2935	not_entailment
2936	not_entailment
2937	not_entailment
2938	not_entailment
2939	entailment
2940	not_entailment
2941	not_entailment
2942	not_entailment
2943	entailment
2944	entailment
2945	entailment
2946	not_entailment
2947	not_entailment
2948	not_entailment
2949	entailment
2950	not_entailment
2951	entailment
2952	not_entailment
2953	not_entailment
2954	entailment
2955	not_entailment
2956	entailment
2957	entailment
2958	not_entailment
2959	not_entailment
2960	not_entailment
2961	not_entailment
2962	entailment
2963	not_entailment
2964	not_entailment
2965	not_entailment
2966	not_entailment
2967	entailment
2968	not_entailment
2969	entailment
2970	entailment
2971	entailment
2972	not_entailment
2973	entailment
2974	not_entailment
2975	not_entailment
2976	entailment
2977	entailment
2978	entailment
2979	not_entailment
2980	entailment
2981	entailment
2982	not_entailment
2983	entailment
2984	entailment
2985	not_entailment
2986	not_entailment
2987	not_entailment
2988	entailment
2989	entailment
2990	not_entailment
2991	not_entailment
2992	not_entailment
2993	entailment
2994	entailment
2995	not_entailment
2996	not_entailment
2997	entailment
2998	entailment
2999	not_entailment
