epoch,mlm_loss
0.0019139415329140525,6.9681315422058105
0.003827883065828105,6.491454601287842
0.005741824598742158,6.34137487411499
0.00765576613165621,6.248326301574707
0.009569707664570262,6.154144763946533
0.011483649197484316,6.034353733062744
0.013397590730398368,5.9122185707092285
0.01531153226331242,5.702847480773926
0.01722547379622647,5.378886699676514
0.019139415329140524,5.056285381317139
0.02105335686205458,4.6136016845703125
0.02296729839496863,4.240640640258789
0.024881239927882683,3.9613280296325684
0.026795181460796735,3.7393124103546143
0.028709122993710787,3.5581250190734863
0.03062306452662484,3.431765556335449
0.032537006059538895,3.2994766235351562
0.03445094759245294,3.2226250171661377
0.036364889125367,3.132929801940918
0.03827883065828105,3.0622968673706055
0.0401927721911951,3.009999990463257
0.04210671372410916,2.9481327533721924
0.04402065525702321,2.894554615020752
0.04593459678993726,2.8511407375335693
0.04784853832285131,2.803234338760376
0.04976247985576537,2.757382869720459
0.051676421388679415,2.722343683242798
0.05359036292159347,2.7059688568115234
0.055504304454507526,2.6595547199249268
0.057418245987421575,2.6237733364105225
0.05933218752033563,2.621663808822632
0.06124612905324968,2.598771810531616
0.06316007058616373,2.564392566680908
0.06507401211907779,2.5207831859588623
0.06698795365199184,2.48582124710083
0.06890189518490589,2.4856016635894775
0.07081583671781995,2.465952157974243
0.072729778250734,2.430326223373413
0.07464371978364805,2.42801570892334
0.0765576613165621,2.40907621383667
0.07847160284947616,2.3976542949676514
0.0803855443823902,2.3792481422424316
0.08229948591530425,2.352734327316284
0.08421342744821832,2.3580877780914307
0.08612736898113237,2.331972599029541
0.08804131051404641,2.3168399333953857
0.08995525204696046,2.300234317779541
0.09186919357987453,2.2864725589752197
0.09378313511278857,2.2792303562164307
0.09569707664570262,2.2708046436309814
0.09761101817861668,2.256195306777954
0.09952495971153073,2.2429609298706055
0.10143890124444478,2.232433557510376
0.10335284277735883,2.2154219150543213
0.10526678431027289,2.208890676498413
0.10718072584318694,2.193711042404175
0.10909466737610099,2.182386636734009
0.11100860890901505,2.1786210536956787
0.1129225504419291,2.1757187843322754
0.11483649197484315,2.1699843406677246
0.11675043350775721,2.1519453525543213
0.11675043350775721,2.154897928237915
0.11866437504067126,2.1393213272094727
0.12057831657358531,2.144413948059082
0.12249225810649936,2.123415470123291
0.12440619963941342,2.1245858669281006
0.12632014117232745,2.1132373809814453
0.12823408270524153,2.1061270236968994
0.13014802423815558,2.088942289352417
0.13206196577106963,2.0956151485443115
0.13397590730398368,2.081320285797119
0.13588984883689773,2.0774102210998535
0.13780379036981177,2.072255849838257
0.13971773190272582,2.066291093826294
0.1416316734356399,2.0504844188690186
0.14354561496855395,2.0592617988586426
0.145459556501468,2.045595645904541
0.14737349803438204,2.035191297531128
0.1492874395672961,2.043191432952881
0.15120138110021014,2.053874969482422
0.1531153226331242,2.0273633003234863
0.15502926416603827,2.020718812942505
0.15694320569895231,2.022484302520752
0.15885714723186636,2.002941370010376
0.1607710887647804,2.0038321018218994
0.16268503029769446,1.9863320589065552
0.1645989718306085,1.9891327619552612
0.16651291336352256,2.0063514709472656
0.16842685489643663,1.9752851724624634
0.17034079642935068,1.9963241815567017
0.17225473796226473,1.9814648628234863
0.17416867949517878,1.968273401260376
0.17416867949517878,1.9706653356552124
0.17608262102809283,1.9612538814544678
0.17799656256100688,1.9642711877822876
0.17991050409392093,1.958230972290039
0.181824445626835,1.9498696327209473
0.18373838715974905,1.9371875524520874
0.1856523286926631,1.9384101629257202
0.18756627022557715,1.9558720588684082
0.1894802117584912,1.9252372980117798
0.19139415329140524,1.9252734184265137
0.1933080948243193,1.9268593788146973
0.19522203635723337,1.9236797094345093
0.19713597789014742,1.9186601638793945
0.19904991942306147,1.92138671875
0.20096386095597552,1.9225937128067017
0.20287780248888956,1.9182519912719727
0.2047917440218036,1.9078047275543213
0.20670568555471766,1.908359408378601
0.20861962708763174,1.90952730178833
0.21053356862054579,1.9042695760726929
0.21244751015345983,1.8855429887771606
0.21436145168637388,1.8863749504089355
0.21627539321928793,1.886550784111023
0.21818933475220198,1.879562497138977
0.22010327628511603,1.874250054359436
0.2220172178180301,1.88364839553833
0.22393115935094415,1.8790663480758667
0.2258451008838582,1.8696016073226929
0.22775904241677225,1.8703827857971191
0.2296729839496863,1.8571640253067017
0.23158692548260035,1.8572492599487305
0.23350086701551442,1.8676785230636597
0.23541480854842847,1.8627924919128418
0.23732875008134252,1.844854474067688
0.23924269161425657,1.8457485437393188
0.24115663314717062,1.8451356887817383
0.24307057468008467,1.851580023765564
0.24498451621299872,1.8279258012771606
0.2468984577459128,1.8517675399780273
0.24881239927882684,1.8371835947036743
0.2507263408117409,1.822900414466858
0.2526402823446549,1.8319257497787476
0.254554223877569,1.8340898752212524
0.25646816541048306,1.8247343301773071
0.2583821069433971,1.8188769817352295
0.26029604847631116,1.8198984861373901
0.2622099900092252,1.8242909908294678
0.26412393154213926,1.8163789510726929
0.2660378730750533,1.811593770980835
0.26795181460796735,1.8093554973602295
0.26986575614088143,1.807605504989624
0.27177969767379545,1.8070038557052612
0.2736936392067095,1.8147070407867432
0.27560758073962355,1.8091444969177246
0.2775215222725376,1.807699203491211
0.27943546380545164,1.793363332748413
0.2813494053383657,1.8054218292236328
0.2832633468712798,1.803125023841858
0.2851772884041938,1.7907357215881348
0.2870912299371079,1.782723307609558
0.2890051714700219,1.7863690853118896
0.290919113002936,1.7869350910186768
0.29283305453585,1.774288535118103
0.2947469960687641,1.7675849199295044
0.29666093760167817,1.7871426343917847
0.2985748791345922,1.791900396347046
0.30048882066750626,1.7857060432434082
0.3024027622004203,1.7798545360565186
0.30431670373333436,1.7922852039337158
0.3062306452662484,1.765962839126587
0.30814458679916246,1.7679667472839355
0.31005852833207653,1.7658339738845825
0.31197246986499055,1.7656738758087158
0.31388641139790463,1.772796869277954
0.31580035293081865,1.7575664520263672
0.3177142944637327,1.7602773904800415
0.31962823599664675,1.7753612995147705
0.3215421775295608,1.7628008127212524
0.3234561190624749,1.7589843273162842
0.3253700605953889,1.7613437175750732
0.327284002128303,1.7496757507324219
0.329197943661217,1.7370507717132568
0.3311118851941311,1.754703164100647
0.3330258267270451,1.7396953105926514
0.3349397682599592,1.7400898933410645
0.33685370979287327,1.7394804954528809
0.3387676513257873,1.7446601390838623
0.34068159285870137,1.7530781030654907
0.3425955343916154,1.739477515220642
0.34450947592452946,1.7535805702209473
0.3464234174574435,1.7498036623001099
0.34833735899035756,1.7259507179260254
0.35025130052327164,1.7290332317352295
0.35216524205618566,1.726167917251587
0.35407918358909973,1.721173882484436
0.35599312512201375,1.7344082593917847
0.35790706665492783,1.7259032726287842
0.35982100818784185,1.7252861261367798
0.3617349497207559,1.7370684146881104
0.36364889125367,1.7146503925323486
0.365562832786584,1.7121894359588623
0.3674767743194981,1.7070468664169312
0.3693907158524121,1.7212636470794678
0.3713046573853262,1.7048749923706055
0.3732185989182402,1.7083359956741333
0.3751325404511543,1.7134687900543213
0.37704648198406837,1.7078477144241333
0.3789604235169824,1.7076796293258667
0.38087436504989647,1.6980390548706055
0.3827883065828105,1.7088124752044678
0.38470224811572457,1.7027539014816284
0.3866161896486386,1.6906288862228394
0.38853013118155266,1.7029179334640503
0.39044407271446674,1.7060859203338623
0.39235801424738076,1.6952760219573975
0.39427195578029484,1.6972242593765259
0.39618589731320886,1.7048064470291138
0.39809983884612293,1.6884697675704956
0.40001378037903695,1.696649432182312
0.40192772191195103,1.692150354385376
0.4038416634448651,1.689214825630188
0.4057556049777791,1.7028720378875732
0.4076695465106932,1.6857383251190186
0.4095834880436072,1.6901044845581055
0.4114974295765213,1.6849570274353027
0.4134113711094353,1.6779062747955322
0.4153253126423494,1.687353491783142
0.4172392541752635,1.6802812814712524
0.4191531957081775,1.6840683221817017
0.42106713724109157,1.673171877861023
0.4229810787740056,1.666027307510376
0.42489502030691967,1.6869003772735596
0.4268089618398337,1.6758418083190918
0.42872290337274777,1.6743417978286743
0.43063684490566184,1.6756680011749268
0.43255078643857586,1.671648383140564
0.43446472797148994,1.664230465888977
0.43637866950440396,1.6673672199249268
0.43829261103731804,1.6623008251190186
0.44020655257023206,1.66831636428833
0.44212049410314613,1.6660195589065552
0.4440344356360602,1.6759023666381836
0.44594837716897423,1.6686445474624634
0.4478623187018883,1.671539068222046
0.4497762602348023,1.6629774570465088
0.4516902017677164,1.644492745399475
0.4536041433006304,1.6586098670959473
0.4555180848335445,1.6573153734207153
0.4574320263664586,1.6503759622573853
0.4593459678993726,1.6562529802322388
0.4612599094322867,1.658905267715454
0.4631738509652007,1.647775411605835
0.46508779249811477,1.6563047170639038
0.46700173403102885,1.661126971244812
0.46891567556394287,1.6462148427963257
0.47082961709685694,1.66225004196167
0.47274355862977097,1.6345449686050415
0.47465750016268504,1.6421327590942383
0.47657144169559906,1.6544159650802612
0.47848538322851314,1.6433496475219727
0.4803993247614272,1.6380741596221924
0.48231326629434124,1.6461621522903442
0.4842272078272553,1.6348944902420044
0.48614114936016933,1.6436210870742798
0.4880550908930834,1.6380820274353027
0.48996903242599743,1.627539038658142
0.4918829739589115,1.6279531717300415
0.4937969154918256,1.6369647979736328
0.4957108570247396,1.6311172246932983
0.4976247985576537,1.6323906183242798
0.4995387400905677,1.6263008117675781
0.5014526816234818,1.6351406574249268
0.5033666231563958,1.6245976686477661
0.5052805646893098,1.622878909111023
0.507194506222224,1.62643563747406
0.509108447755138,1.6217372417449951
0.511022389288052,1.6251293420791626
0.5129363308209661,1.6190956830978394
0.5148502723538801,1.6286909580230713
0.5167642138867942,1.617292046546936
0.5186781554197082,1.6263349056243896
0.5205920969526223,1.6310557126998901
0.5225060384855363,1.619640588760376
0.5244199800184504,1.6287519931793213
0.5263339215513645,1.638021469116211
0.5282478630842785,1.617169976234436
0.5301618046171925,1.6196016073226929
0.5320757461501066,1.6274276971817017
0.5339896876830207,1.6055409908294678
0.5359036292159347,1.6109843254089355
0.5378175707488487,1.615960955619812
0.5397315122817629,1.6085253953933716
0.5416454538146769,1.6075996160507202
0.5435593953475909,1.6091737747192383
0.5454733368805049,1.610357403755188
0.547387278413419,1.6145585775375366
0.5493012199463331,1.6145585775375366
0.5512151614792471,1.621523380279541
0.5531291030121612,1.626546859741211
0.5550430445450752,1.5992226600646973
0.5569569860779893,1.6086132526397705
0.5588709276109033,1.6140546798706055
0.5607848691438174,1.6052656173706055
0.5626988106767314,1.6126484870910645
0.5646127522096455,1.6002689599990845
0.5665266937425596,1.602280855178833
0.5684406352754736,1.608365774154663
0.5703545768083876,1.601345181465149
0.5722685183413017,1.603552222251892
0.5741824598742158,1.5962729454040527
0.5760964014071298,1.607177734375
0.5780103429400438,1.6010361909866333
0.579924284472958,1.5850468873977661
0.581838226005872,1.6032167673110962
0.583752167538786,1.5996748208999634
0.5856661090717,1.6029961109161377
0.5875800506046142,1.5995429754257202
0.5894939921375282,1.59873628616333
0.5914079336704422,1.5970468521118164
0.5933218752033563,1.5843671560287476
0.5952358167362704,1.5932402610778809
0.5971497582691844,1.59033203125
0.5990636998020984,1.5838066339492798
0.6009776413350125,1.5699843168258667
0.6028915828679265,1.590744137763977
0.6048055244008406,1.5903241634368896
0.6067194659337547,1.5759882926940918
0.6086334074666687,1.5927461385726929
0.6105473489995827,1.5735585689544678
0.6124612905324968,1.5813945531845093
0.6143752320654109,1.5711445808410645
0.6162891735983249,1.588152289390564
0.6182031151312389,1.5847656726837158
0.6201170566641531,1.5736405849456787
0.6220309981970671,1.579578161239624
0.6239449397299811,1.5777734518051147
0.6258588812628951,1.5819296836853027
0.6277728227958093,1.569730520248413
0.6296867643287233,1.5780038833618164
0.6296867643287233,1.5823981761932373
0.6316007058616373,1.5795117616653442
0.6335146473945514,1.5674875974655151
0.6354285889274655,1.5806444883346558
0.6373425304603795,1.581088900566101
0.6392564719932935,1.5738574266433716
0.6411704135262076,1.5717246532440186
0.6430843550591216,1.5806845426559448
0.6449982965920357,1.572241187095642
0.6469122381249498,1.5673154592514038
0.6488261796578638,1.5875322818756104
0.6507401211907778,1.5710195302963257
0.6526540627236919,1.5731914043426514
0.654568004256606,1.5689746141433716
0.65648194578952,1.5734120607376099
0.658395887322434,1.573177695274353
0.6603098288553482,1.5642832517623901
0.6622237703882622,1.5651953220367432
0.6641377119211762,1.5788555145263672
0.6660516534540902,1.5639121532440186
0.6679655949870044,1.5556172132492065
0.6698795365199184,1.5677499771118164
0.6717934780528324,1.558046817779541
0.6737074195857465,1.545242190361023
0.6756213611186606,1.5658164024353027
0.6775353026515746,1.5641484260559082
0.6794492441844886,1.5563398599624634
0.6813631857174027,1.5595898628234863
0.6832771272503168,1.5574336051940918
0.6832771272503168,1.5612685680389404
0.6851910687832308,1.5531818866729736
0.6871050103161449,1.5476579666137695
0.6890189518490589,1.5506728887557983
0.690932893381973,1.5570590496063232
0.692846834914887,1.5470551252365112
0.6947607764478011,1.5586270093917847
0.6966747179807151,1.5556074380874634
0.6985886595136291,1.5515341758728027
0.7005026010465433,1.5576162338256836
0.7024165425794573,1.5562431812286377
0.7043304841123713,1.5499961376190186
0.7062444256452853,1.5548027753829956
0.7081583671781995,1.5412304401397705
0.7100723087111135,1.556228518486023
0.7119862502440275,1.5487538576126099
0.7139001917769416,1.5513945817947388
0.7158141333098557,1.5494452714920044
0.7177280748427697,1.5534433126449585
0.7196420163756837,1.5566269159317017
0.7215559579085978,1.537988305091858
0.7234698994415119,1.5529179573059082
0.7253838409744259,1.545230507850647
0.72729778250734,1.549218773841858
0.729211724040254,1.5430819988250732
0.731125665573168,1.5462226867675781
0.7330396071060821,1.5383203029632568
0.7349535486389962,1.5439296960830688
0.7368674901719102,1.5315485000610352
0.7368674901719102,1.5382031202316284
0.7387814317048242,1.5449649095535278
0.7406953732377384,1.5382277965545654
0.7426093147706524,1.5444799661636353
0.7445232563035664,1.543069839477539
0.7464371978364804,1.5481572151184082
0.7483511393693946,1.5405986309051514
0.7502650809023086,1.5384784936904907
0.7521790224352226,1.541219711303711
0.7540929639681367,1.5430938005447388
0.7560069055010508,1.5302002429962158
0.7579208470339648,1.532626986503601
0.7598347885668788,1.5360116958618164
0.7617487300997929,1.5345410108566284
0.763662671632707,1.5292695760726929
0.765576613165621,1.5387324094772339
0.7674905546985351,1.5376367568969727
0.7694044962314491,1.5344960689544678
0.7713184377643632,1.52880859375
0.7732323792972772,1.5415781736373901
0.7751463208301913,1.5306620597839355
0.7770602623631053,1.535574197769165
0.7789742038960193,1.5415898561477661
0.7808881454289335,1.5273476839065552
0.7828020869618475,1.5235469341278076
0.7847160284947615,1.5343047380447388
0.7866299700276755,1.5308008193969727
0.7885439115605897,1.529214859008789
0.7904578530935037,1.5267812013626099
0.7923717946264177,1.520410180091858
0.7942857361593318,1.5297210216522217
0.7961996776922459,1.5262163877487183
0.7981136192251599,1.530493140220642
0.8000275607580739,1.5179892778396606
0.801941502290988,1.5187758207321167
0.8038554438239021,1.5202583074569702
0.8057693853568161,1.5335146188735962
0.8076833268897302,1.5152021646499634
0.8095972684226442,1.5130293369293213
0.8115112099555583,1.5195683240890503
0.8134251514884723,1.5185381174087524
0.8153390930213864,1.5236406326293945
0.8172530345543004,1.5142852067947388
0.8191669760872144,1.5187538862228394
0.8210809176201286,1.5162343978881836
0.8229948591530426,1.5115429162979126
0.8249088006859566,1.5224297046661377
0.8268227422188706,1.518972635269165
0.8287366837517848,1.5168886184692383
0.8306506252846988,1.516677737236023
0.8325645668176128,1.5123887062072754
0.834478508350527,1.523285150527954
0.836392449883441,1.5266718864440918
0.838306391416355,1.5099375247955322
0.840220332949269,1.5134179592132568
0.8421342744821831,1.5124218463897705
0.8440482160150972,1.526757836341858
0.8459621575480112,1.5098203420639038
0.8478760990809253,1.5071641206741333
0.8497900406138393,1.5113555192947388
0.8517039821467534,1.5092806816101074
0.8536179236796674,1.5142967700958252
0.8555318652125815,1.5071560144424438
0.8574458067454955,1.5060815811157227
0.8593597482784096,1.5131679773330688
0.8612736898113237,1.5004887580871582
0.8631876313442377,1.5089805126190186
0.8651015728771517,1.503448247909546
0.8670155144100657,1.51389741897583
0.8689294559429799,1.5107920169830322
0.8708433974758939,1.501132845878601
0.8727573390088079,1.4998339414596558
0.874671280541722,1.5035039186477661
0.8765852220746361,1.5086679458618164
0.8784991636075501,1.500146508216858
0.8804131051404641,1.5043593645095825
0.8823270466733782,1.5021562576293945
0.8842409882062923,1.5000195503234863
0.8861549297392063,1.499279260635376
0.8880688712721204,1.5011738538742065
0.8899828128050344,1.5034608840942383
0.8918967543379485,1.5094609260559082
0.8938106958708625,1.5013984441757202
0.8957246374037766,1.502191424369812
0.8976385789366906,1.5084335803985596
0.8995525204696047,1.5122148990631104
0.9014664620025188,1.5023906230926514
0.9033804035354328,1.5028672218322754
0.9052943450683468,1.499668002128601
0.9072082866012608,1.4983203411102295
0.909122228134175,1.494292974472046
0.911036169667089,1.5006093978881836
0.912950111200003,1.5078294277191162
0.9148640527329172,1.4968477487564087
0.9167779942658312,1.5001342296600342
0.9186919357987452,1.4969247579574585
0.9206058773316592,1.490957498550415
0.9225198188645733,1.4926128387451172
0.9244337603974874,1.492147445678711
0.9263477019304014,1.4911268949508667
0.9282616434633155,1.4875683784484863
0.9301755849962295,1.4912792444229126
0.9320895265291436,1.4945927858352661
0.9340034680620577,1.490798830986023
0.9359174095949717,1.4877148866653442
0.9378313511278857,1.4963183403015137
0.9397452926607998,1.486910104751587
0.9416592341937139,1.489316463470459
0.9435731757266279,1.4740605354309082
0.9454871172595419,1.4941562414169312
0.9474010587924561,1.4891133308410645
0.9493150003253701,1.4867773056030273
0.9512289418582841,1.4936562776565552
0.9531428833911981,1.4792031049728394
0.9550568249241123,1.4919766187667847
0.9569707664570263,1.485898494720459
0.9588847079899403,1.4827773571014404
0.9607986495228544,1.4840742349624634
0.9627125910557685,1.4766875505447388
0.9646265325886825,1.486996054649353
0.9665404741215965,1.4821562767028809
0.9684544156545106,1.4800976514816284
0.9703683571874246,1.4850513935089111
0.9722822987203387,1.4870113134384155
0.9741962402532528,1.4866623878479004
0.9761101817861668,1.4919145107269287
0.9780241233190808,1.4776406288146973
0.9799380648519949,1.4875155687332153
0.981852006384909,1.4759999513626099
0.983765947917823,1.4784384965896606
0.985679889450737,1.4908477067947388
0.9875938309836512,1.4722108840942383
0.9895077725165652,1.4779443740844727
0.9914217140494792,1.4825106859207153
0.9933356555823932,1.4831405878067017
0.9952495971153074,1.4730390310287476
0.9971635386482214,1.4800019264221191
0.9990774801811354,1.4757812023162842
1.0009914217140494,1.4900996685028076
1.0029053632469636,1.4658066034317017
1.0048193047798777,1.4838340282440186
1.0067332463127916,1.4746620655059814
1.0086471878457057,1.4772382974624634
1.0105611293786196,1.483165979385376
1.0124750709115338,1.4774941205978394
1.014389012444448,1.469081997871399
1.0163029539773618,1.4707070589065552
1.018216895510276,1.482269525527954
1.02013083704319,1.4692734479904175
1.022044778576104,1.474859356880188
1.0239587201090181,1.4731718301773071
1.0258726616419322,1.4737343788146973
1.0277866031748462,1.4656952619552612
1.0277866031748462,1.4706029891967773
1.0297005447077603,1.4687011241912842
1.0316144862406744,1.470929741859436
1.0335284277735883,1.4672856330871582
1.0354423693065025,1.469836950302124
1.0373563108394164,1.478341817855835
1.0392702523723305,1.4654775857925415
1.0411841939052446,1.4700487852096558
1.0430981354381585,1.4726182222366333
1.0450120769710727,1.4701298475265503
1.0469260185039868,1.472377896308899
1.0488399600369007,1.4584990739822388
1.0507539015698149,1.4603593349456787
1.052667843102729,1.4656386375427246
1.054581784635643,1.4663710594177246
1.056495726168557,1.4761836528778076
1.0584096677014712,1.4549726247787476
1.060323609234385,1.4669257402420044
1.0622375507672992,1.4595390558242798
1.064151492300213,1.457584023475647
1.0660654338331272,1.46156644821167
1.0679793753660414,1.4731308221817017
1.0698933168989553,1.4569883346557617
1.0718072584318694,1.4655312299728394
1.0737211999647835,1.4678945541381836
1.0756351414976975,1.463640570640564
1.0775490830306116,1.4626483917236328
1.0794630245635257,1.4582226276397705
1.0813769660964396,1.4716405868530273
1.0832909076293538,1.4596797227859497
1.085204849162268,1.4521262645721436
1.0871187906951818,1.4605920314788818
1.089032732228096,1.4585063457489014
1.0909466737610098,1.4639277458190918
1.092860615293924,1.4537270069122314
1.094774556826838,1.4615561962127686
1.096688498359752,1.4676133394241333
1.0986024398926661,1.456088900566101
1.1005163814255803,1.462372064590454
1.1024303229584942,1.4607900381088257
1.1043442644914083,1.4570634365081787
1.1062582060243225,1.464349627494812
1.1081721475572364,1.4537441730499268
1.1100860890901505,1.4606211185455322
1.1120000306230646,1.4542616605758667
1.1139139721559785,1.4564003944396973
1.1158279136888927,1.450607419013977
1.1177418552218066,1.4531582593917847
1.1196557967547207,1.4594043493270874
1.1215697382876348,1.451828122138977
1.1234836798205488,1.4457578659057617
1.1253976213534629,1.459240198135376
1.127311562886377,1.467626929283142
1.129225504419291,1.4534062147140503
1.131139445952205,1.4613789319992065
1.1330533874851192,1.4541406631469727
1.134967329018033,1.4417500495910645
1.1368812705509472,1.458984375
1.1387952120838614,1.4534024000167847
1.1407091536167753,1.4502031803131104
1.1426230951496894,1.4495060443878174
1.1426230951496894,1.451171875
1.1445370366826033,1.4545344114303589
1.1464509782155174,1.4476171731948853
1.1483649197484316,1.4554121494293213
1.1502788612813455,1.4501757621765137
1.1521928028142596,1.4549838304519653
1.1541067443471738,1.4530068635940552
1.1560206858800877,1.4494004249572754
1.1579346274130018,1.4525693655014038
1.159848568945916,1.4535878896713257
1.1617625104788298,1.4494580030441284
1.163676452011744,1.4421132802963257
1.165590393544658,1.444998025894165
1.167504335077572,1.4562792778015137
1.1694182766104861,1.4535019397735596
1.1713322181434,1.4480761289596558
1.1732461596763142,1.4485605955123901
1.1751601012092283,1.4413827657699585
1.1770740427421422,1.4489648342132568
1.1789879842750564,1.438876986503601
1.1809019258079705,1.4496972560882568
1.1828158673408844,1.4527109861373901
1.1847298088737985,1.4453281164169312
1.1866437504067127,1.4451289176940918
1.1885576919396266,1.4557890892028809
1.1904716334725407,1.4461874961853027
1.1923855750054548,1.4412851333618164
1.1942995165383687,1.4435625076293945
1.1962134580712829,1.4397538900375366
1.1981273996041968,1.446929693222046
1.200041341137111,1.438475251197815
1.200041341137111,1.4418789148330688
1.201955282670025,1.4339637756347656
1.203869224202939,1.4485942125320435
1.205783165735853,1.4388364553451538
1.2076971072687672,1.4406640529632568
1.2096110488016811,1.4415923357009888
1.2115249903345953,1.4506757259368896
1.2134389318675094,1.4477431774139404
1.2153528734004233,1.4364696741104126
1.2172668149333374,1.438982367515564
1.2191807564662516,1.4372011423110962
1.2210946979991655,1.4430439472198486
1.2230086395320796,1.4587714672088623
1.2249225810649935,1.4369980096817017
1.2268365225979077,1.4434374570846558
1.2287504641308218,1.4472675323486328
1.2306644056637357,1.4352598190307617
1.2325783471966498,1.4473280906677246
1.234492288729564,1.4350546598434448
1.2364062302624779,1.4341191053390503
1.238320171795392,1.431873083114624
1.2402341133283061,1.4407597780227661
1.24214805486122,1.4310566186904907
1.2440619963941342,1.433011770248413
1.2459759379270483,1.435964822769165
1.2478898794599622,1.435882806777954
1.2498038209928763,1.4420117139816284
1.2517177625257903,1.4331250190734863
1.2536317040587044,1.4373806715011597
1.2536317040587044,1.4389452934265137
1.2555456455916185,1.4345929622650146
1.2574595871245324,1.4385639429092407
1.2593735286574466,1.4347294569015503
1.2612874701903607,1.4480327367782593
1.2632014117232746,1.4336259365081787
1.2651153532561887,1.4322490692138672
1.2670292947891029,1.4429237842559814
1.2689432363220168,1.4286582469940186
1.270857177854931,1.427154302597046
1.272771119387845,1.428821325302124
1.274685060920759,1.4297109842300415
1.276599002453673,1.4278398752212524
1.278512943986587,1.432193398475647
1.2804268855195011,1.429931640625
1.2823408270524153,1.419003963470459
1.2842547685853292,1.4250800609588623
1.2861687101182433,1.425851583480835
1.2880826516511574,1.430337905883789
1.2899965931840713,1.432222604751587
1.2919105347169855,1.4299649000167847
1.2938244762498996,1.4196640253067017
1.2957384177828135,1.4178144931793213
1.2976523593157276,1.4321601390838623
1.2995663008486418,1.4368125200271606
1.3014802423815557,1.443621039390564
1.3033941839144698,1.424148440361023
1.3053081254473837,1.4378867149353027
1.3072220669802979,1.432855486869812
1.309136008513212,1.414632797241211
1.311049950046126,1.4163554906845093
1.31296389157904,1.4199765920639038
1.3148778331119542,1.4326952695846558
1.3148778331119542,1.4356300830841064
1.316791774644868,1.427425742149353
1.3187057161777822,1.4388234615325928
1.3206196577106963,1.4175806045532227
1.3225335992436102,1.4215619564056396
1.3244475407765244,1.422674298286438
1.3263614823094385,1.42405366897583
1.3282754238423524,1.424444317817688
1.3301893653752666,1.4103153944015503
1.3321033069081805,1.4243544340133667
1.3340172484410946,1.4299707412719727
1.3359311899740087,1.4300751686096191
1.3378451315069226,1.426123023033142
1.3397590730398368,1.4182147979736328
1.341673014572751,1.4282265901565552
1.3435869561056648,1.4234297275543213
1.345500897638579,1.4216737747192383
1.347414839171493,1.418792963027954
1.349328780704407,1.4232969284057617
1.3512427222373211,1.430843710899353
1.3531566637702352,1.421695351600647
1.3550706053031492,1.4202792644500732
1.3569845468360633,1.4144179821014404
1.3588984883689772,1.4204472303390503
1.3608124299018913,1.4140156507492065
1.3627263714348055,1.4222851991653442
1.3646403129677194,1.4198827743530273
1.3665542545006335,1.4169141054153442
1.3684681960335476,1.4263124465942383
1.3703821375664615,1.4244258403778076
1.3722960790993757,1.4255908727645874
1.3742100206322898,1.419260025024414
1.3761239621652037,1.4162917137145996
1.3780379036981178,1.4181420803070068
1.379951845231032,1.4083471298217773
1.381865786763946,1.4187939167022705
1.38377972829686,1.4100810289382935
1.385693669829774,1.417962908744812
1.387607611362688,1.4173593521118164
1.3895215528956022,1.4177939891815186
1.391435494428516,1.424165964126587
1.3933494359614302,1.4148144721984863
1.3952633774943444,1.4199941158294678
1.3971773190272583,1.4233945608139038
1.3990912605601724,1.4157421588897705
1.4010052020930865,1.413324236869812
1.4029191436260005,1.4107167720794678
1.4048330851589146,1.4121718406677246
1.4067470266918287,1.4050371646881104
1.4086609682247426,1.4128711223602295
1.4105749097576568,1.415683627128601
1.4124888512905707,1.4151620864868164
1.4144027928234848,1.418759822845459
1.416316734356399,1.4194101095199585
1.4182306758893128,1.4277851581573486
1.420144617422227,1.4145312309265137
1.422058558955141,1.4101327657699585
1.423972500488055,1.4251093864440918
1.4258864420209691,1.406406283378601
1.4278003835538833,1.406332015991211
1.4297143250867972,1.405261754989624
1.4316282666197113,1.397378921508789
1.4335422081526255,1.4013242721557617
1.4354561496855394,1.4088085889816284
1.4373700912184535,1.412329912185669
1.4392840327513674,1.4162589311599731
1.4411979742842815,1.419814944267273
1.4431119158171957,1.4146064519882202
1.4450258573501096,1.4114760160446167
1.4469397988830237,1.4078466892242432
1.4488537404159378,1.4096465110778809
1.4507676819488518,1.4070361852645874
1.4526816234817659,1.4170371294021606
1.45459556501468,1.4050673246383667
1.456509506547594,1.4112001657485962
1.458423448080508,1.4090605974197388
1.4603373896134222,1.4075859785079956
1.462251331146336,1.4017988443374634
1.4641652726792502,1.4055273532867432
1.4660792142121641,1.4176698923110962
1.4679931557450783,1.4125527143478394
1.4699070972779924,1.4083983898162842
1.4718210388109063,1.4118613004684448
1.4737349803438204,1.4072051048278809
1.4756489218767346,1.4073262214660645
1.4775628634096485,1.4062988758087158
1.4794768049425626,1.3967206478118896
1.4813907464754767,1.4082012176513672
1.4833046880083907,1.3978476524353027
1.4852186295413048,1.4068398475646973
1.487132571074219,1.4209604263305664
1.4890465126071328,1.4038491249084473
1.490960454140047,1.4011621475219727
1.4928743956729609,1.4074634313583374
1.494788337205875,1.4037328958511353
1.4967022787387891,1.4047021865844727
1.498616220271703,1.4066455364227295
1.5005301618046172,1.4091200828552246
1.5024441033375313,1.3920010328292847
1.5043580448704452,1.392629861831665
1.5062719864033594,1.3950225114822388
1.5081859279362735,1.3918222188949585
1.5100998694691874,1.4028828144073486
1.5120138110021015,1.393164038658142
1.5139277525350157,1.3990956544876099
1.5158416940679296,1.398378849029541
1.5177556356008437,1.4061503410339355
1.5196695771337576,1.4032636880874634
1.5215835186666717,1.3944199085235596
1.5234974601995859,1.4031250476837158
1.5254114017324998,1.3997812271118164
1.527325343265414,1.4011211395263672
1.529239284798328,1.4030722379684448
1.531153226331242,1.4066250324249268
1.533067167864156,1.4128007888793945
1.5349811093970702,1.406097650527954
1.5368950509299841,1.396152377128601
1.5388089924628983,1.3872578144073486
1.5407229339958124,1.4009101390838623
1.5426368755287263,1.400484323501587
1.5445508170616404,1.4054062366485596
1.5464647585945543,1.3937851190567017
1.5483787001274685,1.3892261981964111
1.5483787001274685,1.3942030668258667
1.5502926416603826,1.3974112272262573
1.5522065831932965,1.3909084796905518
1.5541205247262107,1.3802021741867065
1.5560344662591248,1.413785696029663
1.5579484077920387,1.3939751386642456
1.5598623493249528,1.3917509317398071
1.561776290857867,1.3902734518051147
1.5636902323907809,1.4020625352859497
1.565604173923695,1.4024394750595093
1.5675181154566091,1.3897842168807983
1.569432056989523,1.400821328163147
1.5713459985224372,1.3919355869293213
1.573259940055351,1.3863261938095093
1.5751738815882652,1.3975098133087158
1.5770878231211793,1.4040136337280273
1.5790017646540933,1.4058867692947388
1.5809157061870074,1.396820306777954
1.5828296477199215,1.400402307510376
1.5847435892528354,1.3970253467559814
1.5866575307857496,1.3993085622787476
1.5885714723186637,1.4024882316589355
1.5904854138515776,1.3845195770263672
1.5923993553844917,1.3913847208023071
1.5943132969174059,1.3976796865463257
1.5962272384503198,1.384847640991211
1.598141179983234,1.3982930183410645
1.6000551215161478,1.390933632850647
1.601969063049062,1.387363314628601
1.603883004581976,1.3904414176940918
1.60579694611489,1.3911288976669312
1.6077108876478041,1.405011773109436
1.6096248291807183,1.3917460441589355
1.6115387707136322,1.3915624618530273
1.6134527122465463,1.3931015729904175
1.6153666537794604,1.380847692489624
1.6172805953123743,1.3898476362228394
1.6172805953123743,1.3943251371383667
1.6191945368452885,1.384695291519165
1.6211084783782026,1.388534665107727
1.6230224199111165,1.3974189758300781
1.6249363614440306,1.390567421913147
1.6268503029769446,1.3919028043746948
1.6287642445098587,1.3944979906082153
1.6306781860427728,1.3884443044662476
1.6325921275756867,1.398374080657959
1.6345060691086009,1.3845058679580688
1.636420010641515,1.3812880516052246
1.638333952174429,1.3863574266433716
1.640247893707343,1.3918535709381104
1.6421618352402572,1.3830820322036743
1.644075776773171,1.3845722675323486
1.6459897183060852,1.3980839252471924
1.6479036598389993,1.3815566301345825
1.6498176013719132,1.3941386938095093
1.6517315429048274,1.3868769407272339
1.6536454844377413,1.3963788747787476
1.6555594259706554,1.3892714977264404
1.6574733675035696,1.3856327533721924
1.6593873090364835,1.3813085556030273
1.6613012505693976,1.3859257698059082
1.6632151921023117,1.374750018119812
1.6651291336352256,1.3879101276397705
1.6670430751681398,1.3894140720367432
1.668957016701054,1.3796952962875366
1.6708709582339678,1.3781601190567017
1.672784899766882,1.3840351104736328
1.674698841299796,1.3813124895095825
1.67661278283271,1.3882695436477661
1.6785267243656241,1.375429630279541
1.680440665898538,1.3699413537979126
1.6823546074314522,1.3849140405654907
1.6842685489643663,1.3820234537124634
1.6861824904972802,1.3837578296661377
1.6880964320301943,1.386871099472046
1.6900103735631085,1.383401870727539
1.6900103735631085,1.3917851448059082
1.6919243150960224,1.3753654956817627
1.6938382566289365,1.3834811449050903
1.6957521981618506,1.37861967086792
1.6976661396947645,1.3734160661697388
1.6995800812276787,1.3966484069824219
1.7014940227605928,1.388916015625
1.7034079642935067,1.3802226781845093
1.7053219058264208,1.3849501609802246
1.7072358473593348,1.3741220235824585
1.709149788892249,1.3683925867080688
1.711063730425163,1.386770486831665
1.712977671958077,1.3873437643051147
1.714891613490991,1.384189486503601
1.7168055550239052,1.378080129623413
1.718719496556819,1.3736015558242798
1.7206334380897332,1.3899081945419312
1.7225473796226474,1.394623041152954
1.7244613211555613,1.3808730840682983
1.7263752626884754,1.3850526809692383
1.7282892042213895,1.3795000314712524
1.7302031457543035,1.3706425428390503
1.7321170872872176,1.3786308765411377
1.7340310288201315,1.3715097904205322
1.7359449703530456,1.3758749961853027
1.7378589118859598,1.3878788948059082
1.7397728534188737,1.3833632469177246
1.7416867949517878,1.3660351037979126
1.743600736484702,1.376476526260376
1.7455146780176158,1.369152307510376
1.74742861955053,1.377773404121399
1.749342561083444,1.3876680135726929
1.751256502616358,1.3729023933410645
1.7531704441492721,1.374902367591858
1.7550843856821863,1.3759609460830688
1.7569983272151002,1.3729023933410645
1.7589122687480143,1.378085970878601
1.7608262102809282,1.3723671436309814
1.7627401518138424,1.3719648122787476
1.7646540933467565,1.3738046884536743
1.7665680348796704,1.370346188545227
1.7665680348796704,1.3728359937667847
1.7684819764125845,1.381134271621704
1.7703959179454987,1.369817852973938
1.7723098594784126,1.3753408193588257
1.7742238010113267,1.3732309341430664
1.7761377425442408,1.371246099472046
1.7780516840771547,1.376232385635376
1.7799656256100689,1.3783525228500366
1.781879567142983,1.3784072399139404
1.783793508675897,1.3770771026611328
1.785707450208811,1.3795595169067383
1.787621391741725,1.368221640586853
1.789535333274639,1.3760781288146973
1.7914492748075532,1.3651152849197388
1.7933632163404671,1.370790958404541
1.7952771578733813,1.3701523542404175
1.7971910994062954,1.368734359741211
1.7991050409392093,1.3723827600479126
1.8010189824721234,1.378000020980835
1.8029329240050376,1.3705917596817017
1.8048468655379515,1.3644726276397705
1.8067608070708656,1.3666621446609497
1.8086747486037797,1.3730156421661377
1.8105886901366937,1.3594120740890503
1.8125026316696078,1.3710781335830688
1.8144165732025217,1.3652031421661377
1.8163305147354358,1.3781015872955322
1.81824445626835,1.372820258140564
1.8201583978012639,1.363867163658142
1.822072339334178,1.371734380722046
1.8239862808670921,1.378391981124878
1.825900222400006,1.3743836879730225
1.8278141639329202,1.3728206157684326
1.8297281054658343,1.3735512495040894
1.8316420469987482,1.3678696155548096
1.8335559885316624,1.3619009256362915
1.8354699300645765,1.3715273141860962
1.8373838715974904,1.3720039129257202
1.8392978131304045,1.3662304878234863
1.8412117546633184,1.3715410232543945
1.8431256961962326,1.3642499446868896
1.8450396377291467,1.3652265071868896
1.8469535792620606,1.3685566186904907
1.8488675207949747,1.3640527725219727
1.8507814623278889,1.3628281354904175
1.8526954038608028,1.3727461099624634
1.854609345393717,1.3650801181793213
1.856523286926631,1.3664979934692383
1.858437228459545,1.3746132850646973
1.860351169992459,1.367040991783142
1.8622651115253732,1.362392544746399
1.8641790530582871,1.3696210384368896
1.8660929945912013,1.3668378591537476
1.8680069361241154,1.3661093711853027
1.8699208776570293,1.369460940361023
1.8718348191899434,1.371105432510376
1.8737487607228573,1.3670859336853027
1.8756627022557715,1.3598984479904175
1.8775766437886856,1.3742890357971191
1.8794905853215995,1.358339786529541
1.8814045268545136,1.35733962059021
1.8833184683874278,1.360830545425415
1.8852324099203417,1.3733261823654175
1.8871463514532558,1.3699806928634644
1.88906029298617,1.3594633340835571
1.8909742345190839,1.364816427230835
1.892888176051998,1.3792295455932617
1.8948021175849121,1.3615351915359497
1.896716059117826,1.3571094274520874
1.8986300006507402,1.3724560737609863
1.900543942183654,1.3493633270263672
1.9024578837165682,1.3556201457977295
1.9043718252494823,1.3662577867507935
1.9062857667823963,1.3666738271713257
1.9081997083153104,1.3608593940734863
1.9101136498482245,1.3465683460235596
1.9120275913811384,1.3605976104736328
1.9139415329140526,1.3686074018478394
1.9158554744469667,1.3670780658721924
1.9177694159798806,1.3729863166809082
1.9196833575127947,1.3567500114440918
1.9215972990457089,1.361642599105835
1.9235112405786228,1.3608242273330688
1.925425182111537,1.3595331907272339
1.9273391236444508,1.3646445274353027
1.929253065177365,1.3658515214920044
1.931167006710279,1.3508633375167847
1.933080948243193,1.3597344160079956
1.9349948897761071,1.3595000505447388
1.9369088313090213,1.3544414043426514
1.9388227728419352,1.3517210483551025
1.9407367143748493,1.3601229190826416
1.9426506559077634,1.3539255857467651
1.9445645974406773,1.3541889190673828
1.9464785389735915,1.361728549003601
1.9483924805065056,1.3563402891159058
1.9503064220394195,1.3593817949295044
1.9522203635723336,1.3636854887008667
1.9541343051052475,1.3560341596603394
1.9560482466381617,1.3491348028182983
1.9579621881710758,1.3590155839920044
1.9598761297039897,1.3566054105758667
1.9617900712369039,1.3588906526565552
1.963704012769818,1.3565644025802612
1.965617954302732,1.3637851476669312
1.967531895835646,1.3524121046066284
1.9694458373685602,1.3603671789169312
1.971359778901474,1.3589550256729126
1.9732737204343882,1.3644336462020874
1.9751876619673023,1.359613299369812
1.9771016035002162,1.3443456888198853
1.9790155450331304,1.3601640462875366
1.9809294865660443,1.3449199199676514
1.9828434280989584,1.3599061965942383
1.9847573696318725,1.3603827953338623
1.9866713111647865,1.361101508140564
1.9885852526977006,1.3651796579360962
1.9904991942306147,1.360195279121399
1.9924131357635286,1.353097677230835
1.9943270772964428,1.3564413785934448
1.996241018829357,1.356706976890564
1.996241018829357,1.3579756021499634
1.9981549603622708,1.3530988693237305
2.000068901895185,1.3481909036636353
2.001982843428099,1.3468103408813477
2.003896784961013,1.3569296598434448
2.005810726493927,1.3583080768585205
2.007724668026841,1.35020112991333
2.0096386095597554,1.3531708717346191
2.0115525510926693,1.3537490367889404
2.013466492625583,1.348987340927124
2.0153804341584975,1.35744047164917
2.0172943756914115,1.3424628973007202
2.0192083172243254,1.3468232154846191
2.0211222587572393,1.3501973152160645
2.0230362002901536,1.3505898714065552
2.0249501418230675,1.3524491786956787
2.0268640833559814,1.3437265157699585
2.028778024888896,1.3570137023925781
2.0306919664218097,1.359043002128601
2.0326059079547236,1.352294921875
2.034519849487638,1.347720742225647
2.036433791020552,1.3421367406845093
2.038347732553466,1.3463104963302612
2.04026167408638,1.3546972274780273
2.042175615619294,1.3477305173873901
2.044089557152208,1.3468164205551147
2.0460034986851223,1.3427265882492065
2.0479174402180362,1.3429882526397705
2.04983138175095,1.3648593425750732
2.0517453232838645,1.3447890281677246
2.0536592648167784,1.3486289978027344
2.0536592648167784,1.3535468578338623
2.0555732063496923,1.3393863439559937
2.0574871478826067,1.3503867387771606
2.0594010894155206,1.3450461626052856
2.0613150309484345,1.3497573137283325
2.063228972481349,1.3507338762283325
2.0651429140142628,1.3520936965942383
2.0670568555471767,1.3480361700057983
2.068970797080091,1.3518564701080322
2.070884738613005,1.3467763662338257
2.072798680145919,1.349294900894165
2.0747126216788327,1.3438026905059814
2.076626563211747,1.3537490367889404
2.078540504744661,1.3469042778015137
2.080454446277575,1.3369629383087158
2.0823683878104893,1.3524785041809082
2.084282329343403,1.3434844017028809
2.086196270876317,1.346982479095459
2.0881102124092314,1.3522714376449585
2.0900241539421454,1.348306655883789
2.0919380954750593,1.3520195484161377
2.0938520370079736,1.352062463760376
2.0957659785408875,1.3487441539764404
2.0976799200738014,1.3482792377471924
2.099593861606716,1.3460839986801147
2.1015078031396297,1.3446015119552612
2.1034217446725436,1.349703073501587
2.105335686205458,1.3386563062667847
2.107249627738372,1.346429705619812
2.109163569271286,1.3525859117507935
2.1110775108042,1.349448800086975
2.1110775108042,1.349703073501587
2.112991452337114,1.3457667827606201
2.114905393870028,1.3480278253555298
2.1168193354029423,1.3407565355300903
2.1187332769358562,1.3403569459915161
2.12064721846877,1.3587045669555664
2.1225611600016845,1.331903338432312
2.1244751015345984,1.3353105783462524
2.1263890430675123,1.342714786529541
2.128302984600426,1.3474745750427246
2.1302169261333406,1.3493778705596924
2.1321308676662545,1.3447099924087524
2.1340448091991684,1.349273443222046
2.1359587507320827,1.3395625352859497
2.1378726922649967,1.3326327800750732
2.1397866337979106,1.3428750038146973
2.141700575330825,1.3413515090942383
2.143614516863739,1.3550487756729126
2.1455284583966527,1.3383339643478394
2.147442399929567,1.3452363014221191
2.149356341462481,1.3488574028015137
2.151270282995395,1.341326117515564
2.1531842245283093,1.338525414466858
2.155098166061223,1.3473066091537476
2.157012107594137,1.3329882621765137
2.1589260491270514,1.3506250381469727
2.1608399906599653,1.3347461223602295
2.1627539321928793,1.3461992740631104
2.1646678737257936,1.3379765748977661
2.1665818152587075,1.3425039052963257
2.1684957567916214,1.3352656364440918
2.1684957567916214,1.3386045694351196
2.170409698324536,1.332314372062683
2.1723236398574497,1.3437206745147705
2.1742375813903636,1.3425703048706055
2.176151522923278,1.3355985879898071
2.178065464456192,1.3408598899841309
2.179979405989106,1.3474605083465576
2.1818933475220197,1.3357187509536743
2.183807289054934,1.3461543321609497
2.185721230587848,1.3459150791168213
2.187635172120762,1.3472646474838257
2.189549113653676,1.3374971151351929
2.19146305518659,1.3370908498764038
2.193376996719504,1.341779351234436
2.1952909382524184,1.3390742540359497
2.1972048797853323,1.3403847217559814
2.199118821318246,1.3477363586425781
2.2010327628511606,1.3450508117675781
2.2029467043840745,1.3394335508346558
2.2048606459169884,1.3393652439117432
2.2067745874499027,1.339931607246399
2.2086885289828166,1.333996057510376
2.2106024705157306,1.3426777124404907
2.212516412048645,1.3331953287124634
2.214430353581559,1.3313086032867432
2.2163442951144727,1.3452227115631104
2.218258236647387,1.3354570865631104
2.220172178180301,1.3307656049728394
2.222086119713215,1.3284374475479126
2.2240000612461293,1.3366796970367432
2.225914002779043,1.332626461982727
2.227827944311957,1.3360861539840698
2.2297418858448714,1.3406809568405151
2.2316558273777853,1.3358608484268188
2.2335697689106992,1.338199257850647
2.235483710443613,1.3358573913574219
2.2373976519765275,1.3402661085128784
2.2393115935094414,1.3350282907485962
2.2412255350423553,1.3377470970153809
2.2431394765752697,1.3333213329315186
2.2450534181081836,1.3357499837875366
2.2469673596410975,1.3450820446014404
2.248881301174012,1.3264453411102295
2.2507952427069258,1.3263593912124634
2.2527091842398397,1.3275078535079956
2.254623125772754,1.3281679153442383
2.256537067305668,1.333648443222046
2.258451008838582,1.330392599105835
2.260364950371496,1.3370214700698853
2.26227889190441,1.3276875019073486
2.264192833437324,1.340802788734436
2.2661067749702384,1.3352402448654175
2.2680207165031523,1.340429663658142
2.269934658036066,1.324771523475647
2.2718485995689806,1.3288241624832153
2.2737625411018945,1.331234335899353
2.2756764826348084,1.3406211137771606
2.2775904241677227,1.3344961404800415
2.2795043657006366,1.3326835632324219
2.2814183072335505,1.33363676071167
2.283332248766465,1.3244829177856445
2.285246190299379,1.333932638168335
2.2871601318322927,1.335599660873413
2.2890740733652066,1.323488712310791
2.290988014898121,1.3247309923171997
2.292901956431035,1.3344565629959106
2.294815897963949,1.3233768939971924
2.296729839496863,1.3334033489227295
2.298643781029777,1.3295400142669678
2.300557722562691,1.3233535289764404
2.3024716640956053,1.3401885032653809
2.3043856056285192,1.3275507688522339
2.306299547161433,1.339059591293335
2.3082134886943475,1.3304531574249268
2.3101274302272614,1.3227499723434448
2.3120413717601753,1.3314355611801147
2.3139553132930897,1.3370429277420044
2.3158692548260036,1.3275136947631836
2.3177831963589175,1.3394649028778076
2.319697137891832,1.3333183526992798
2.3216110794247458,1.3345215320587158
2.3235250209576597,1.3250683546066284
2.325438962490574,1.3252207040786743
2.327352904023488,1.3242226839065552
2.329266845556402,1.333175778388977
2.331180787089316,1.3472148180007935
2.33309472862223,1.3252733945846558
2.335008670155144,1.3279179334640503
2.3369226116880584,1.3153945207595825
2.3369226116880584,1.3185064792633057
2.3388365532209723,1.3194127082824707
2.340750494753886,1.3255056142807007
2.3426644362868,1.327462911605835
2.3445783778197145,1.3337416648864746
2.3464923193526284,1.3363451957702637
2.3484062608855423,1.3287626504898071
2.3503202024184566,1.3188867568969727
2.3522341439513705,1.3217549324035645
2.3541480854842844,1.3218661546707153
2.356062027017199,1.3375840187072754
2.3579759685501127,1.319643497467041
2.3598899100830266,1.3316543102264404
2.361803851615941,1.3089511394500732
2.363717793148855,1.3352460861206055
2.365631734681769,1.3287831544876099
2.367545676214683,1.339517593383789
2.369459617747597,1.3276914358139038
2.371373559280511,1.3155741691589355
2.3732875008134253,1.3216620683670044
2.3752014423463392,1.3308124542236328
2.377115383879253,1.3228046894073486
2.3790293254121675,1.3340976238250732
2.3809432669450814,1.3268027305603027
2.3828572084779953,1.3244102001190186
2.3847711500109097,1.3177343606948853
2.3866850915438236,1.3306914567947388
2.3885990330767375,1.3206992149353027
2.390512974609652,1.310628890991211
2.3924269161425658,1.3342148065567017
2.3943408576754797,1.3253493309020996
2.3943408576754797,1.3254061937332153
2.3962547992083936,1.3195996284484863
2.398168740741308,1.3316650390625
2.400082682274222,1.3373913764953613
2.4019966238071357,1.325191855430603
2.40391056534005,1.3278647661209106
2.405824506872964,1.3265024423599243
2.407738448405878,1.3289824724197388
2.4096523899387923,1.3209081888198853
2.411566331471706,1.331741213798523
2.41348027300462,1.3180019855499268
2.4153942145375344,1.3222558498382568
2.4173081560704484,1.314424753189087
2.4192220976033623,1.322277307510376
2.4211360391362766,1.3194999694824219
2.4230499806691905,1.3282636404037476
2.4249639222021044,1.332048773765564
2.426877863735019,1.3291581869125366
2.4287918052679327,1.3357656002044678
2.4307057468008466,1.3256582021713257
2.432619688333761,1.3248730897903442
2.434533629866675,1.3195663690567017
2.436447571399589,1.3295234441757202
2.438361512932503,1.329037070274353
2.440275454465417,1.3210663795471191
2.442189395998331,1.3199492692947388
2.4441033375312453,1.3168437480926514
2.4460172790641592,1.3207460641860962
2.447931220597073,1.3182343244552612
2.449845162129987,1.3123944997787476
2.4517591036629014,1.326992154121399
2.4517591036629014,1.3276296854019165
2.4536730451958153,1.318044662475586
2.455586986728729,1.3300834894180298
2.4575009282616436,1.3157353401184082
2.4594148697945575,1.309188961982727
2.4613288113274714,1.3278568983078003
2.4632427528603857,1.3204892873764038
2.4651566943932997,1.3164169788360596
2.4670706359262136,1.3303700685501099
2.468984577459128,1.3265459537506104
2.470898518992042,1.3188261985778809
2.4728124605249557,1.3185595273971558
2.47472640205787,1.312563419342041
2.476640343590784,1.322771430015564
2.478554285123698,1.3242460489273071
2.4804682266566123,1.3172812461853027
2.482382168189526,1.3316913843154907
2.48429610972244,1.3189140558242798
2.4862100512553544,1.3158671855926514
2.4881239927882683,1.309902310371399
2.4900379343211823,1.3168710470199585
2.4919518758540966,1.3294512033462524
2.4938658173870105,1.3188261985778809
2.4957797589199244,1.3130605220794678
2.497693700452839,1.325130820274353
2.4996076419857527,1.3183945417404175
2.5015215835186666,1.3201524019241333
2.5034355250515805,1.3237500190734863
2.505349466584495,1.3154101371765137
2.5072634081174088,1.3124648332595825
2.5091773496503227,1.2990859746932983
2.5091773496503227,1.3050048351287842
2.511091291183237,1.3163535594940186
2.513005232716151,1.326339602470398
2.514919174249065,1.3230807781219482
2.516833115781979,1.3273695707321167
2.518747057314893,1.3117997646331787
2.520660998847807,1.3174697160720825
2.5225749403807214,1.3233642578125
2.5244888819136353,1.3180800676345825
2.526402823446549,1.318789005279541
2.5283167649794636,1.2986650466918945
2.5302307065123775,1.3117060661315918
2.5321446480452914,1.3242080211639404
2.5340585895782057,1.3203749656677246
2.5359725311111196,1.308505892753601
2.5378864726440336,1.3092851638793945
2.539800414176948,1.310296893119812
2.541714355709862,1.305734395980835
2.5436282972427757,1.3156973123550415
2.54554223877569,1.3185292482376099
2.547456180308604,1.3184667825698853
2.549370121841518,1.3157402276992798
2.5512840633744323,1.3191719055175781
2.553198004907346,1.3204296827316284
2.55511194644026,1.3062793016433716
2.557025887973174,1.3264257907867432
2.5589398295060883,1.3197851181030273
2.5608537710390022,1.3220897912979126
2.562767712571916,1.3131953477859497
2.5646816541048305,1.3107929229736328
2.5665955956377444,1.314434289932251
2.5685095371706583,1.3020198345184326
2.5704234787035727,1.3118815422058105
2.5723374202364866,1.3169441223144531
2.5742513617694005,1.3102895021438599
2.576165303302315,1.3163408041000366
2.5780792448352288,1.3067773580551147
2.5799931863681427,1.2998934984207153
2.581907127901057,1.3167002201080322
2.583821069433971,1.298711895942688
2.585735010966885,1.3038330078125
2.587648952499799,1.3073711395263672
2.589562894032713,1.3069394826889038
2.591476835565627,1.3025116920471191
2.5933907770985414,1.3203965425491333
2.5953047186314553,1.3200350999832153
2.597218660164369,1.3215410709381104
2.5991326016972836,1.3117910623550415
2.6010465432301975,1.3078964948654175
2.6029604847631114,1.313232421875
2.6048744262960257,1.3123574256896973
2.6067883678289396,1.3150742053985596
2.6087023093618535,1.3071913719177246
2.6106162508947675,1.3122695684432983
2.612530192427682,1.3090801239013672
2.6144441339605957,1.3081855773925781
2.6163580754935096,1.3097695112228394
2.618272017026424,1.3136680126190186
2.620185958559338,1.3082383871078491
2.620185958559338,1.3090741634368896
2.622099900092252,1.3144608736038208
2.624013841625166,1.3072267770767212
2.62592778315808,1.3059513568878174
2.627841724690994,1.3067002296447754
2.6297556662239083,1.3040785789489746
2.6316696077568222,1.3158320188522339
2.633583549289736,1.309826135635376
2.6354974908226505,1.3036308288574219
2.6374114323555644,1.3072998523712158
2.6393253738884783,1.307885766029358
2.6412393154213927,1.2997431755065918
2.6431532569543066,1.3128583431243896
2.6450671984872205,1.3164335489273071
2.646981140020135,1.309169888496399
2.6488950815530488,1.309314489364624
2.6508090230859627,1.320974588394165
2.652722964618877,1.3093496561050415
2.654636906151791,1.3104355335235596
2.656550847684705,1.3019765615463257
2.658464789217619,1.305437445640564
2.660378730750533,1.3055273294448853
2.662292672283447,1.3067500591278076
2.664206613816361,1.3047401905059814
2.6661205553492753,1.2968828678131104
2.668034496882189,1.3102831840515137
2.669948438415103,1.3128671646118164
2.6718623799480175,1.2939296960830688
2.6737763214809314,1.3041496276855469
2.6737763214809314,1.3081015348434448
2.6756902630138453,1.3173305988311768
2.6776042045467596,1.30106520652771
2.6795181460796735,1.3034961223602295
2.6814320876125874,1.3018789291381836
2.683346029145502,1.3152060508728027
2.6852599706784157,1.2984575033187866
2.6871739122113296,1.3085254430770874
2.689087853744244,1.2991924285888672
2.691001795277158,1.3069374561309814
2.692915736810072,1.3052440881729126
2.694829678342986,1.3115068674087524
2.6967436198759,1.304013729095459
2.698657561408814,1.29994535446167
2.7005715029417283,1.3003418445587158
2.7024854444746422,1.3033398389816284
2.704399386007556,1.306314468383789
2.7063133275404705,1.3108515739440918
2.7082272690733844,1.2974492311477661
2.7101412106062983,1.3075683116912842
2.7120551521392127,1.309390664100647
2.7139690936721266,1.3005937337875366
2.7158830352050405,1.2920995950698853
2.7177969767379544,1.306658148765564
2.7197109182708687,1.3172129392623901
2.7216248598037827,1.3132812976837158
2.7235388013366966,1.3051328659057617
2.725452742869611,1.3058515787124634
2.727366684402525,1.3031679391860962
2.7292806259354387,1.3070117235183716
2.731194567468353,1.3066093921661377
2.733108509001267,1.3065663576126099
2.735022450534181,1.2966581583023071
2.7369363920670953,1.3021762371063232
2.738850333600009,1.3058215379714966
2.740764275132923,1.3074445724487305
2.7426782166658374,1.2990883588790894
2.7445921581987514,1.2884643077850342
2.7465060997316653,1.3012773990631104
2.7484200412645796,1.3152090311050415
2.7503339827974935,1.3031278848648071
2.7522479243304074,1.3067256212234497
2.754161865863322,1.3069677352905273
2.7560758073962357,1.2964189052581787
2.7579897489291496,1.2952158451080322
2.759903690462064,1.2944179773330688
2.761817631994978,1.3070937395095825
2.763731573527892,1.305355429649353
2.765645515060806,1.3031737804412842
2.76755945659372,1.2978965044021606
2.769473398126634,1.3003164529800415
2.771387339659548,1.3112109899520874
2.773301281192462,1.3119043111801147
2.775215222725376,1.3067559003829956
2.77712916425829,1.3046972751617432
2.7790431057912044,1.3013261556625366
2.7809570473241183,1.3067559003829956
2.782870988857032,1.2975233793258667
2.7847849303899466,1.2992891073226929
2.7866988719228605,1.3079414367675781
2.7886128134557744,1.3047797679901123
2.7886128134557744,1.305972695350647
2.7905267549886887,1.3057129383087158
2.7924406965216026,1.3060261011123657
2.7943546380545166,1.3009675741195679
2.796268579587431,1.3031420707702637
2.798182521120345,1.3036948442459106
2.8000964626532587,1.3046015501022339
2.802010404186173,1.3084697723388672
2.803924345719087,1.2977861166000366
2.805838287252001,1.2924062013626099
2.8077522287849153,1.3007148504257202
2.809666170317829,1.3015029430389404
2.811580111850743,1.2965351343154907
2.8134940533836574,1.2955937385559082
2.8154079949165713,1.291574239730835
2.8173219364494853,1.2996015548706055
2.8192358779823996,1.2973027229309082
2.8211498195153135,1.3044745922088623
2.8230637610482274,1.3093867301940918
2.8249777025811413,1.308197259902954
2.8268916441140557,1.3039277791976929
2.8288055856469696,1.2939062118530273
2.8307195271798835,1.303617238998413
2.832633468712798,1.3148612976074219
2.8345474102457118,1.3161171674728394
2.8364613517786257,1.3039315938949585
2.83837529331154,1.304855465888977
2.840289234844454,1.2962578535079956
2.842203176377368,1.3012266159057617
2.844117117910282,1.296804666519165
2.846031059443196,1.304140567779541
2.84794500097611,1.2918710708618164
2.8498589425090244,1.2962616682052612
2.8498589425090244,1.2970435619354248
2.8517728840419383,1.2874752283096313
2.853686825574852,1.2974531650543213
2.8556007671077666,1.301166296005249
2.8575147086406805,1.301123023033142
2.8594286501735944,1.2966601848602295
2.8613425917065087,1.308807134628296
2.8632565332394226,1.2937402725219727
2.8651704747723366,1.292752981185913
2.867084416305251,1.2914950847625732
2.868998357838165,1.2959452867507935
2.8709122993710787,1.2961552143096924
2.872826240903993,1.3089131116867065
2.874740182436907,1.2877891063690186
2.876654123969821,1.2935858964920044
2.878568065502735,1.2939316034317017
2.880482007035649,1.3003945350646973
2.882395948568563,1.2931073904037476
2.884309890101477,1.2960273027420044
2.8862238316343913,1.2885234355926514
2.8881377731673052,1.2923749685287476
2.890051714700219,1.2919530868530273
2.8919656562331335,1.2926230430603027
2.8938795977660474,1.2953242063522339
2.8957935392989613,1.2858203649520874
2.8977074808318757,1.2868183851242065
2.8996214223647896,1.2849335670471191
2.9015353638977035,1.2914609909057617
2.903449305430618,1.29071044921875
2.903449305430618,1.3013203144073486
2.9053632469635318,1.2877585887908936
2.9072771884964457,1.298242211341858
2.90919113002936,1.2978357076644897
2.911105071562274,1.3020893335342407
2.913019013095188,1.2928906679153442
2.914932954628102,1.2900991439819336
2.916846896161016,1.295068383216858
2.91876083769393,1.3026806116104126
2.9206747792268444,1.2913984060287476
2.9225887207597583,1.2960878610610962
2.924502662292672,1.2870742082595825
2.9264166038255865,1.2897324562072754
2.9283305453585005,1.2856640815734863
2.9302444868914144,1.298101544380188
2.9321584284243283,1.2945507764816284
2.9340723699572426,1.2963945865631104
2.9359863114901565,1.2931835651397705
2.9379002530230705,1.295183539390564
2.939814194555985,1.2897636890411377
2.9417281360888987,1.2818710803985596
2.9436420776218126,1.2900663614273071
2.945556019154727,1.2891836166381836
2.947469960687641,1.2941796779632568
2.949383902220555,1.2879706621170044
2.951297843753469,1.285824179649353
2.953211785286383,1.2835038900375366
2.955125726819297,1.2914882898330688
2.9570396683522113,1.2934374809265137
2.9589536098851252,1.2808789014816284
2.960867551418039,1.2966641187667847
2.9627814929509535,1.2887656688690186
2.9646954344838674,1.2915781736373901
2.9666093760167813,1.2879492044448853
2.9685233175496957,1.2914122343063354
2.9704372590826096,1.284758448600769
2.9723512006155235,1.2941347360610962
2.974265142148438,1.2963327169418335
2.9761790836813518,1.287933588027954
2.9780930252142657,1.2886455059051514
2.98000696674718,1.2931371927261353
2.981920908280094,1.2976006269454956
2.983834849813008,1.2850136756896973
2.9857487913459217,1.2797304391860962
2.987662732878836,1.2913808822631836
2.98957667441175,1.2852822542190552
2.991490615944664,1.2976239919662476
2.9934045574775783,1.2834199666976929
2.995318499010492,1.2874609231948853
2.997232440543406,1.2922987937927246
2.9991463820763204,1.2864452600479126
3.0010603236092344,1.2844667434692383
3.0029742651421483,1.2827988862991333
3.0048882066750626,1.2931288480758667
3.0068021482079765,1.2891074419021606
3.0087160897408904,1.2894452810287476
3.010630031273805,1.283191442489624
3.0125439728067187,1.288515567779541
3.0144579143396326,1.2915253639221191
3.016371855872547,1.2850449085235596
3.018285797405461,1.2877265214920044
3.020199738938375,1.2969805002212524
3.022113680471289,1.28725004196167
3.022113680471289,1.293131947517395
3.024027622004203,1.2927887439727783
3.025941563537117,1.2906479835510254
3.0278555050700313,1.2768689393997192
3.0297694466029452,1.2876328229904175
3.031683388135859,1.27996826171875
3.0335973296687735,1.2881137132644653
3.0355112712016874,1.2859785556793213
3.0374252127346013,1.2880908250808716
3.039339154267515,1.2815029621124268
3.0412530958004296,1.2928378582000732
3.0431670373333435,1.2881191968917847
3.0450809788662574,1.2949901819229126
3.0469949203991717,1.2865917682647705
3.0489088619320857,1.2815253734588623
3.0508228034649996,1.281814455986023
3.052736744997914,1.292974591255188
3.054650686530828,1.289209008216858
3.0565646280637417,1.285388708114624
3.058478569596656,1.2833729982376099
3.06039251112957,1.2857617139816284
3.062306452662484,1.2838008403778076
3.0642203941953983,1.2830078601837158
3.066134335728312,1.2762460708618164
3.068048277261226,1.2873926162719727
3.0699622187941404,1.2736015319824219
3.0718761603270544,1.2811484336853027
3.0737901018599683,1.2834961414337158
3.0757040433928826,1.2861523628234863
3.0776179849257965,1.286312460899353
3.0795319264587104,1.2870234251022339
3.081445867991625,1.2788437604904175
3.0833598095245387,1.2878671884536743
3.0852737510574526,1.2886641025543213
3.087187692590367,1.2919920682907104
3.089101634123281,1.279297947883606
3.091015575656195,1.2911301851272583
3.0929295171891087,1.282733678817749
3.094843458722023,1.2903344631195068
3.096757400254937,1.2815684080123901
3.098671341787851,1.2837040424346924
3.100585283320765,1.2781611680984497
3.102499224853679,1.2934423685073853
3.104413166386593,1.2780673503875732
3.1063271079195074,1.2803925275802612
3.1082410494524213,1.282284140586853
3.110154990985335,1.2817236185073853
3.1120689325182496,1.2901523113250732
3.1139828740511635,1.278249979019165
3.1158968155840774,1.2851113080978394
3.1178107571169917,1.280517578125
3.1197246986499056,1.2759883403778076
3.1216386401828196,1.2753710746765137
3.123552581715734,1.2749863862991333
3.125466523248648,1.2767480611801147
3.1273804647815617,1.2857109308242798
3.129294406314476,1.2916171550750732
3.13120834784739,1.2904043197631836
3.133122289380304,1.2811113595962524
3.1350362309132183,1.2872812747955322
3.136950172446132,1.2854570150375366
3.138864113979046,1.2866562604904175
3.1407780555119604,1.2983086109161377
3.1426919970448743,1.28969144821167
3.1446059385777883,1.2893280982971191
3.146519880110702,1.2897968292236328
3.1484338216436165,1.2818242311477661
3.1503477631765304,1.285882830619812
3.1522617047094443,1.2739101648330688
3.1541756462423587,1.28599214553833
3.1560895877752726,1.278169870376587
3.1580035293081865,1.276853322982788
3.159917470841101,1.2783920764923096
3.1618314123740148,1.2846760749816895
3.1637453539069287,1.2857861518859863
3.165659295439843,1.2785176038742065
3.167573236972757,1.279409646987915
3.169487178505671,1.2749013900756836
3.171401120038585,1.2828925848007202
3.173315061571499,1.2818270921707153
3.175229003104413,1.2745224237442017
3.1771429446373274,1.2805029153823853
3.1790568861702413,1.2811113595962524
3.180970827703155,1.284835934638977
3.1828847692360696,1.2824785709381104
3.1847987107689835,1.2816210985183716
3.1867126523018974,1.278402328491211
3.1886265938348117,1.2783163785934448
3.1905405353677256,1.2766094207763672
3.1924544769006395,1.2777637243270874
3.194368418433554,1.2917051315307617
3.196282359966468,1.2750507593154907
3.1981963014993817,1.2747772932052612
3.2001102430322956,1.28452730178833
3.20202418456521,1.2867969274520874
3.203938126098124,1.27626371383667
3.205852067631038,1.2936797142028809
3.207766009163952,1.2705312967300415
3.209679950696866,1.2866406440734863
3.21159389222978,1.2829140424728394
3.2135078337626943,1.2878594398498535
3.2154217752956082,1.2711832523345947
3.217335716828522,1.2854479551315308
3.2192496583614365,1.2864834070205688
3.2211635998943504,1.2733070850372314
3.2230775414272643,1.2807626724243164
3.2249914829601787,1.2720898389816284
3.2269054244930926,1.2754765748977661
3.2288193660260065,1.2837187051773071
3.230733307558921,1.2714287042617798
3.2326472490918348,1.275943398475647
3.2345611906247487,1.2796728610992432
3.236475132157663,1.2840888500213623
3.238389073690577,1.2792656421661377
3.240303015223491,1.2864491939544678
3.242216956756405,1.2852734327316284
3.244130898289319,1.2716288566589355
3.246044839822233,1.270845651626587
3.2479587813551474,1.2770956754684448
3.2498727228880613,1.2634238004684448
3.251786664420975,1.2799766063690186
3.253700605953889,1.2644941806793213
3.2556145474868035,1.2753827571868896
3.2575284890197174,1.284029245376587
3.2594424305526313,1.264392614364624
3.2613563720855456,1.2665488719940186
3.2632703136184595,1.2727265357971191
3.2651842551513734,1.2693359851837158
3.267098196684288,1.2747812271118164
3.267098196684288,1.2816799879074097
3.2690121382172017,1.2791121006011963
3.2709260797501156,1.2831586599349976
3.27284002128303,1.2748939990997314
3.274753962815944,1.2685409784317017
3.276667904348858,1.273952603340149
3.278581845881772,1.2787671089172363
3.280495787414686,1.275796890258789
3.2824097289476,1.2714951038360596
3.2843236704805143,1.2749501466751099
3.2862376120134282,1.2781484127044678
3.288151553546342,1.2738652229309082
3.2900654950792565,1.2764941453933716
3.2919794366121704,1.269269585609436
3.2938933781450843,1.2764902114868164
3.2958073196779987,1.2810039520263672
3.2977212612109126,1.2756074666976929
3.2996352027438265,1.2795488834381104
3.301549144276741,1.2825839519500732
3.3034630858096548,1.2801445722579956
3.3053770273425687,1.2758125066757202
3.3072909688754826,1.274158239364624
3.309204910408397,1.2750468254089355
3.311118851941311,1.270113229751587
3.3130327934742247,1.2769277095794678
3.314946735007139,1.2816601991653442
3.316860676540053,1.284085988998413
3.318774618072967,1.277437448501587
3.3206885596058813,1.2711596488952637
3.322602501138795,1.2814619541168213
3.324516442671709,1.2645785808563232
3.3264303842046234,1.2691547870635986
3.3283443257375374,1.2744019031524658
3.3302582672704513,1.2675918340682983
3.3321722088033656,1.267421841621399
3.3340861503362795,1.2793262004852295
3.3360000918691934,1.2751737833023071
3.337914033402108,1.275726556777954
3.3398279749350217,1.283208966255188
3.3417419164679356,1.2665927410125732
3.34365585800085,1.268792986869812
3.345569799533764,1.273007869720459
3.347483741066678,1.2832129001617432
3.349397682599592,1.2821171283721924
3.351311624132506,1.280105471611023
3.35322556566542,1.2665449380874634
3.3551395071983343,1.2777891159057617
3.3570534487312482,1.2732266187667847
3.358967390264162,1.2716602087020874
3.360881331797076,1.2694629430770874
3.3627952733299904,1.2836523056030273
3.3647092148629043,1.2727206945419312
3.366623156395818,1.2692675590515137
3.3685370979287326,1.271734356880188
3.3704510394616465,1.2624882459640503
3.3723649809945604,1.2762031555175781
3.3742789225274747,1.2664531469345093
3.3761928640603887,1.2652382850646973
3.3781068055933026,1.2593575716018677
3.380020747126217,1.2731475830078125
3.381934688659131,1.2775317430496216
3.3838486301920447,1.2705436944961548
3.385762571724959,1.2655420303344727
3.387676513257873,1.2634233236312866
3.389590454790787,1.2722948789596558
3.3915043963237013,1.2685136795043945
3.393418337856615,1.2768476009368896
3.395332279389529,1.2653838396072388
3.3972462209224434,1.2711113691329956
3.3991601624553573,1.2763476371765137
3.4010741039882713,1.2752636671066284
3.4029880455211856,1.2647480964660645
3.4049019870540995,1.2660878896713257
3.4068159285870134,1.262294888496399
3.408729870119928,1.2693984508514404
3.4106438116528417,1.2760878801345825
3.4125577531857556,1.2636250257492065
3.4144716947186695,1.2763652801513672
3.416385636251584,1.2654179334640503
3.418299577784498,1.2663711309432983
3.4202135193174117,1.2715351581573486
3.422127460850326,1.2678691148757935
3.42404140238324,1.2772421836853027
3.425955343916154,1.2559140920639038
3.427869285449068,1.2612773180007935
3.429783226981982,1.279203176498413
3.431697168514896,1.2734843492507935
3.4336111100478104,1.2701327800750732
3.4355250515807243,1.262851595878601
3.437438993113638,1.2714687585830688
3.4393529346465526,1.2672890424728394
3.4412668761794665,1.2702538967132568
3.4431808177123804,1.264021396636963
3.4450947592452947,1.2655575275421143
3.4470087007782086,1.2677768468856812
3.4489226423111226,1.266739010810852
3.450836583844037,1.2684330940246582
3.452750525376951,1.2652963399887085
3.4546644669098647,1.2748329639434814
3.456578408442779,1.263043999671936
3.458492349975693,1.2627665996551514
3.460406291508607,1.2688584327697754
3.4623202330415213,1.2636299133300781
3.464234174574435,1.264694333076477
3.466148116107349,1.2729257345199585
3.468062057640263,1.2740585803985596
3.4699759991731773,1.265851616859436
3.4718899407060912,1.2662363052368164
3.473803882239005,1.2624492645263672
3.4757178237719195,1.2611016035079956
3.4776317653048334,1.266996145248413
3.4795457068377473,1.2639355659484863
3.4814596483706617,1.2643262147903442
3.4833735899035756,1.2784433364868164
3.4852875314364895,1.2736914157867432
3.487201472969404,1.2567245960235596
3.4891154145023178,1.266031265258789
3.4910293560352317,1.2719453573226929
3.492943297568146,1.2689921855926514
3.49485723910106,1.258359432220459
3.496771180633974,1.2541874647140503
3.498685122166888,1.2587655782699585
3.500599063699802,1.274896264076233
3.502513005232716,1.2690722942352295
3.5044269467656304,1.2652983665466309
3.5063408882985443,1.2650173902511597
3.508254829831458,1.2677963972091675
3.5101687713643726,1.266021966934204
3.5120827128972865,1.2723056077957153
3.5139966544302004,1.264236330986023
3.5159105959631147,1.2650048732757568
3.5178245374960286,1.266910195350647
3.5197384790289425,1.2731142044067383
3.5216524205618565,1.2565498352050781
3.523566362094771,1.2658467292785645
3.5254803036276847,1.2625741958618164
3.5273942451605986,1.259439468383789
3.529308186693513,1.2595527172088623
3.531222128226427,1.2651699781417847
3.533136069759341,1.2612167596817017
3.535050011292255,1.2624765634536743
3.536963952825169,1.2607675790786743
3.538877894358083,1.2658125162124634
3.5407918358909973,1.2680137157440186
3.5427057774239112,1.2620702981948853
3.544619718956825,1.2670038938522339
3.5465336604897395,1.2750351428985596
3.5484476020226534,1.2685312032699585
3.5503615435555673,1.2613945007324219
3.5522754850884817,1.2719453573226929
3.5541894266213956,1.261907696723938
3.5541894266213956,1.270351529121399
3.5561033681543095,1.2735202312469482
3.558017309687224,1.268356442451477
3.5599312512201378,1.2558146715164185
3.5618451927530517,1.2648075819015503
3.563759134285966,1.2658344507217407
3.56567307581888,1.2654521465301514
3.567587017351794,1.260998010635376
3.569500958884708,1.2614473104476929
3.571414900417622,1.267032265663147
3.573328841950536,1.2591571807861328
3.57524278348345,1.2494853734970093
3.5771567250163643,1.2608213424682617
3.579070666549278,1.2533164024353027
3.580984608082192,1.260894536972046
3.5828985496151065,1.2596601247787476
3.5848124911480204,1.260974645614624
3.5867264326809343,1.2665175199508667
3.5886403742138486,1.2607070207595825
3.5905543157467625,1.2619121074676514
3.5924682572796764,1.2623164653778076
3.594382198812591,1.2769414186477661
3.5962961403455047,1.2581621408462524
3.5982100818784186,1.2705371379852295
3.600124023411333,1.2647089958190918
3.602037964944247,1.2638964653015137
3.603951906477161,1.2606874704360962
3.605865848010075,1.2524726390838623
3.607779789542989,1.2601406574249268
3.607779789542989,1.2607086896896362
3.609693731075903,1.2530908584594727
3.6116076726088173,1.2591056823730469
3.6135216141417312,1.2685312032699585
3.615435555674645,1.2576904296875
3.6173494972075595,1.2654707431793213
3.6192634387404734,1.2608544826507568
3.6211773802733873,1.2513818740844727
3.6230913218063017,1.2556679248809814
3.6250052633392156,1.2662978172302246
3.6269192048721295,1.2627451419830322
3.6288331464050434,1.2607685327529907
3.6307470879379578,1.2537147998809814
3.6326610294708717,1.2629814147949219
3.6345749710037856,1.2639784812927246
3.6364889125367,1.2689335346221924
3.638402854069614,1.2626484632492065
3.6403167956025277,1.2620117664337158
3.642230737135442,1.2539530992507935
3.644144678668356,1.2669824361801147
3.64605862020127,1.260345697402954
3.6479725617341843,1.2543710470199585
3.649886503267098,1.2593164443969727
3.651800444800012,1.257470726966858
3.6537143863329264,1.2697031497955322
3.6556283278658404,1.2539277076721191
3.6575422693987543,1.253644585609436
3.6594562109316686,1.2602266073226929
3.6613701524645825,1.257406234741211
3.6613701524645825,1.2601542472839355
3.6632840939974964,1.2565829753875732
3.665198035530411,1.2625974416732788
3.6671119770633247,1.2545583248138428
3.6690259185962386,1.256350040435791
3.670939860129153,1.2587836980819702
3.672853801662067,1.257646918296814
3.674767743194981,1.2641962766647339
3.676681684727895,1.2582529783248901
3.678595626260809,1.2603838443756104
3.680509567793723,1.2580233812332153
3.682423509326637,1.258615255355835
3.684337450859551,1.255590796470642
3.686251392392465,1.257806658744812
3.688165333925379,1.2662227153778076
3.6900792754582934,1.2530605792999268
3.6919932169912073,1.2538456916809082
3.693907158524121,1.2555136680603027
3.6958211000570356,1.266201138496399
3.6977350415899495,1.2621737718582153
3.6996489831228634,1.2578457593917847
3.7015629246557777,1.2640995979309082
3.7034768661886917,1.2556816339492798
3.7053908077216056,1.2497090101242065
3.70730474925452,1.2580116987228394
3.709218690787434,1.255923867225647
3.7111326323203477,1.2621562480926514
3.713046573853262,1.256515622138977
3.714960515386176,1.2598944902420044
3.71687445691909,1.2481328248977661
3.7187883984520043,1.2642148733139038
3.720702339984918,1.255050778388977
3.722616281517832,1.2524914741516113
3.722616281517832,1.2593008279800415
3.7245302230507464,1.2555348873138428
3.7264441645836603,1.2625454664230347
3.7283581061165743,1.2593564987182617
3.7302720476494886,1.2594457864761353
3.7321859891824025,1.2603603601455688
3.7340999307153164,1.2593251466751099
3.736013872248231,1.2637158632278442
3.7379278137811447,1.2530293464660645
3.7398417553140586,1.2498252391815186
3.7417556968469725,1.2571806907653809
3.743669638379887,1.2665332555770874
3.7455835799128008,1.2569960355758667
3.7474975214457147,1.2587324380874634
3.749411462978629,1.2544492483139038
3.751325404511543,1.2600507736206055
3.753239346044457,1.2576172351837158
3.755153287577371,1.2598555088043213
3.757067229110285,1.2526015043258667
3.758981170643199,1.2636504173278809
3.7608951121761134,1.2648301124572754
3.7628090537090273,1.2438535690307617
3.764722995241941,1.2489765882492065
3.7666369367748556,1.2538671493530273
3.7685508783077695,1.2556895017623901
3.7704648198406834,1.2510215044021606
3.7723787613735977,1.2551015615463257
3.7742927029065116,1.256679654121399
3.7762066444394256,1.2593867778778076
3.77812058597234,1.2577812671661377
3.780034527505254,1.2574492692947388
3.7819484690381677,1.2484843730926514
3.783862410571082,1.2578788995742798
3.785776352103996,1.256191372871399
3.78769029363691,1.2534897327423096
3.78769029363691,1.2621835470199585
3.7896042351698243,1.2553789615631104
3.791518176702738,1.259822964668274
3.793432118235652,1.2637077569961548
3.795346059768566,1.2511606216430664
3.7972600013014803,1.2523452043533325
3.7991739428343942,1.261056661605835
3.801087884367308,1.2477598190307617
3.8030018259002225,1.2557246685028076
3.8049157674331364,1.2527695894241333
3.8068297089660503,1.2593564987182617
3.8087436504989647,1.2555761337280273
3.8106575920318786,1.2475996017456055
3.8125715335647925,1.2478262186050415
3.814485475097707,1.2491718530654907
3.8163994166306208,1.259130835533142
3.8183133581635347,1.2544687986373901
3.820227299696449,1.253250002861023
3.822141241229363,1.255464792251587
3.824055182762277,1.2476015090942383
3.825969124295191,1.2495410442352295
3.827883065828105,1.2524141073226929
3.829797007361019,1.2504726648330688
3.8317109488939334,1.2469570636749268
3.8336248904268473,1.2566367387771606
3.835538831959761,1.2503925561904907
3.8374527734926756,1.2556191682815552
3.8393667150255895,1.2531055212020874
3.8412806565585034,1.2525625228881836
3.8431945980914177,1.2565116882324219
3.8451085396243316,1.253363013267517
3.8470224811572455,1.2522963285446167
3.8489364226901595,1.2537466287612915
3.850850364223074,1.2540823221206665
3.8527643057559877,1.2523720264434814
3.8546782472889016,1.2538090944290161
3.856592188821816,1.257379412651062
3.85850613035473,1.247470736503601
3.860420071887644,1.2595771551132202
3.862334013420558,1.2554707527160645
3.864247954953472,1.2462412118911743
3.866161896486386,1.2487636804580688
3.8680758380193003,1.257131814956665
3.8699897795522142,1.2422704696655273
3.871903721085128,1.2575175762176514
3.8738176626180425,1.2622753381729126
3.8757316041509564,1.2430976629257202
3.8776455456838703,1.2568886280059814
3.8795594872167847,1.2526601552963257
3.8814734287496986,1.2564902305603027
3.8833873702826125,1.2536894083023071
3.885301311815527,1.2510254383087158
3.8872152533484408,1.2488027811050415
3.8891291948813547,1.2524765729904175
3.891043136414269,1.2439199686050415
3.892957077947183,1.2544511556625366
3.894871019480097,1.2472147941589355
3.896784961013011,1.2479609251022339
3.898698902545925,1.2537811994552612
3.898698902545925,1.259326696395874
3.900612844078839,1.2520285844802856
3.902526785611753,1.2489253282546997
3.9044407271446673,1.252538800239563
3.906354668677581,1.251857876777649
3.908268610210495,1.2582690715789795
3.9101825517434095,1.2513662576675415
3.9120964932763234,1.243001937866211
3.9140104348092373,1.2456942796707153
3.9159243763421516,1.2515995502471924
3.9178383178750655,1.2385058403015137
3.9197522594079794,1.2421435117721558
3.921666200940894,1.2465605735778809
3.9235801424738077,1.2466425895690918
3.9254940840067216,1.2509511709213257
3.927408025539636,1.2509374618530273
3.92932196707255,1.2516562938690186
3.931235908605464,1.24818754196167
3.933149850138378,1.2511757612228394
3.935063791671292,1.2522636651992798
3.936977733204206,1.252918004989624
3.9388916747371203,1.2408417463302612
3.9408056162700342,1.2461289167404175
3.942719557802948,1.2502520084381104
3.9446334993358625,1.2433886528015137
3.9465474408687764,1.2471991777420044
3.9484613824016903,1.2530566453933716
3.9503753239346047,1.251308560371399
3.9522892654675186,1.247238278388977
3.9542032070004325,1.2462265491485596
3.9561171485333464,1.2548906803131104
3.9580310900662607,1.259335994720459
3.9599450315991747,1.240543007850647
3.9618589731320886,1.2485624551773071
3.963772914665003,1.2556277513504028
3.965686856197917,1.2581524848937988
3.9676007977308307,1.2498310804367065
3.969514739263745,1.2455185651779175
3.971428680796659,1.254186987876892
3.973342622329573,1.248153805732727
3.9752565638624873,1.2524648904800415
3.977170505395401,1.2506122589111328
3.979084446928315,1.252901315689087
3.9809983884612294,1.2462031841278076
3.9829123299941434,1.2505087852478027
3.9848262715270573,1.2530195713043213
3.9867402130599716,1.2488456964492798
3.9886541545928855,1.2460517883300781
3.9905680961257994,1.248861312866211
3.992482037658714,1.245296835899353
3.9943959791916277,1.2465351819992065
3.9963099207245416,1.2442421913146973
3.998223862257456,1.2448164224624634
4.00013780379037,1.2501875162124634
4.002051745323284,1.2537461519241333
4.003965686856198,1.2500429153442383
4.005879628389112,1.2442480325698853
4.007793569922026,1.247959017753601
4.00970751145494,1.2365643978118896
4.011621452987854,1.24546480178833
4.013535394520768,1.247652292251587
4.015449336053682,1.2491562366485596
4.017363277586596,1.2392617464065552
4.019277219119511,1.245187520980835
4.021191160652425,1.2437812089920044
4.023105102185339,1.2425898313522339
4.0250190437182525,1.2396496534347534
4.026932985251166,1.251736044883728
4.02884692678408,1.241382360458374
4.030760868316995,1.2424805164337158
4.032674809849909,1.2339906692504883
4.034588751382823,1.2622958421707153
4.036502692915737,1.2522011995315552
4.038416634448651,1.2537822723388672
4.040330575981565,1.2440146207809448
4.0422445175144786,1.2495439052581787
4.044158459047393,1.2394980192184448
4.046072400580307,1.2486845254898071
4.047986342113221,1.247720718383789
4.049900283646135,1.2411152124404907
4.051814225179049,1.250820279121399
4.053728166711963,1.2519609928131104
4.055642108244878,1.2362382411956787
4.057556049777792,1.2485624551773071
4.0594699913107055,1.2473105192184448
4.061383932843619,1.2494062185287476
4.063297874376533,1.2366269826889038
4.065211815909447,1.2364609241485596
4.067125757442362,1.2414121627807617
4.069039698975276,1.2372753620147705
4.07095364050819,1.2365761995315552
4.072867582041104,1.2476836442947388
4.074781523574018,1.2430585622787476
4.076695465106932,1.2483867406845093
4.078609406639846,1.247378945350647
4.08052334817276,1.2457538843154907
4.082437289705674,1.2460546493530273
4.084351231238588,1.243499994277954
4.086265172771502,1.242156744003296
4.088179114304416,1.241039514541626
4.09009305583733,1.2446643114089966
4.092006997370245,1.2519060373306274
4.093920938903159,1.2403066158294678
4.0958348804360725,1.247648000717163
4.097748821968986,1.2377456426620483
4.0996627635019,1.2509726285934448
4.101576705034814,1.2404531240463257
4.103490646567729,1.2453378438949585
4.105404588100643,1.2412841320037842
4.107318529633557,1.2434521913528442
4.109232471166471,1.240920901298523
4.111146412699385,1.2436532974243164
4.1130603542322985,1.2423866987228394
4.114974295765213,1.2478808164596558
4.116888237298127,1.2326464653015137
4.118802178831041,1.2512929439544678
4.120716120363955,1.238775372505188
4.122630061896869,1.2457363605499268
4.124544003429783,1.2387988567352295
4.126457944962698,1.2377558946609497
4.128371886495612,1.2427538633346558
4.1302858280285255,1.2554999589920044
4.132199769561439,1.2448534965515137
4.134113711094353,1.2435722351074219
4.136027652627267,1.2422832250595093
4.137941594160182,1.2405039072036743
4.139855535693096,1.2474961280822754
4.14176947722601,1.2413749694824219
4.143683418758924,1.2531816959381104
4.145597360291838,1.2379543781280518
4.147511301824752,1.242038369178772
4.1494252433576655,1.2456655502319336
4.15133918489058,1.2361440658569336
4.153253126423494,1.2390395402908325
4.155167067956408,1.2413856983184814
4.157081009489322,1.2546924352645874
4.158994951022236,1.2474521398544312
4.16090889255515,1.2391690015792847
4.162822834088065,1.2457929849624634
4.1647367756209785,1.240390658378601
4.1666507171538925,1.2391865253448486
4.168564658686806,1.236432671546936
4.17047860021972,1.2421250343322754
4.172392541752634,1.2354687452316284
4.174306483285549,1.2420624494552612
4.176220424818463,1.2303828001022339
4.178134366351377,1.2393379211425781
4.180048307884291,1.24013090133667
4.181962249417205,1.2335195541381836
4.1838761909501185,1.2432987689971924
4.185790132483033,1.2401777505874634
4.187704074015947,1.225435495376587
4.189618015548861,1.2412480115890503
4.191531957081775,1.2386698722839355
4.193445898614689,1.2461405992507935
4.195359840147603,1.2421094179153442
4.197273781680517,1.2403944730758667
4.199187723213432,1.241796851158142
4.2011016647463455,1.2406399250030518
4.203015606279259,1.2341474294662476
4.204929547812173,1.2336230278015137
4.206843489345087,1.2441545724868774
4.208757430878001,1.2421025037765503
4.210671372410916,1.2354687452316284
4.21258531394383,1.2458871603012085
4.214499255476744,1.2390947341918945
4.216413197009658,1.2464951276779175
4.218327138542572,1.2382558584213257
4.2202410800754855,1.2375586032867432
4.2221550216084,1.248745083808899
4.224068963141314,1.2331806421279907
4.225982904674228,1.2431640625
4.227896846207142,1.2416796684265137
4.229810787740056,1.2398632764816284
4.23172472927297,1.2370370626449585
4.233638670805885,1.2392030954360962
4.2355526123387985,1.2308125495910645
4.2374665538717124,1.2414823770523071
4.239380495404626,1.2311152219772339
4.24129443693754,1.2388808727264404
4.243208378470454,1.2384296655654907
4.245122320003369,1.225115180015564
4.247036261536283,1.2385663986206055
4.248950203069197,1.2383047342300415
4.250864144602111,1.2340898513793945
4.252778086135025,1.2337851524353027
4.2546920276679385,1.2400859594345093
4.256605969200852,1.2339023351669312
4.258519910733767,1.2299357652664185
4.260433852266681,1.2271872758865356
4.262347793799595,1.2348649501800537
4.264261735332509,1.2284704446792603
4.266175676865423,1.2358354330062866
4.268089618398337,1.2397841215133667
4.270003559931252,1.2325185537338257
4.2719175014641655,1.256040096282959
4.273831442997079,1.2345751523971558
4.275745384529993,1.2338095903396606
4.277659326062907,1.2335683107376099
4.279573267595821,1.2426317930221558
4.281487209128736,1.2390176057815552
4.28340115066165,1.2403115034103394
4.285315092194564,1.2417519092559814
4.287229033727478,1.253406286239624
4.289142975260392,1.234775424003601
4.2910569167933055,1.233474612236023
4.29297085832622,1.2318809032440186
4.294884799859134,1.235205054283142
4.296798741392048,1.2348066568374634
4.298712682924962,1.2349727153778076
4.300626624457876,1.2474589347839355
4.30254056599079,1.2387460470199585
4.304454507523704,1.2301055192947388
4.3063684490566185,1.228591799736023
4.308282390589532,1.2347344160079956
4.310196332122446,1.2438632249832153
4.31211027365536,1.2399334907531738
4.31211027365536,1.2403438091278076
4.314024215188274,1.2226600646972656
4.315938156721188,1.246799349784851
4.317852098254103,1.2320021390914917
4.319766039787017,1.2424535751342773
4.321679981319931,1.2373906373977661
4.323593922852845,1.2336581945419312
4.3255078643857585,1.2278505563735962
4.327421805918672,1.2317383289337158
4.329335747451587,1.2424228191375732
4.331249688984501,1.2332617044448853
4.333163630517415,1.2209824323654175
4.335077572050329,1.2312440872192383
4.336991513583243,1.233747124671936
4.338905455116157,1.2311387062072754
4.340819396649072,1.2361366748809814
4.3427333381819855,1.237548828125
4.344647279714899,1.2383280992507935
4.346561221247813,1.2424882650375366
4.348475162780727,1.2299413681030273
4.350389104313641,1.2296308279037476
4.352303045846556,1.2341152429580688
4.35421698737947,1.2326171398162842
4.356130928912384,1.230218768119812
4.358044870445298,1.2441054582595825
4.359958811978212,1.232253909111023
4.3618727535111255,1.2277969121932983
4.363786695044039,1.232742190361023
4.365700636576954,1.2347148656845093
4.367614578109868,1.2295820713043213
4.369528519642782,1.2389873266220093
4.371442461175696,1.2348395586013794
4.37335640270861,1.245061993598938
4.375270344241524,1.2305808067321777
4.3771842857744385,1.2368744611740112
4.379098227307352,1.2316752672195435
4.381012168840266,1.2347519397735596
4.38292611037318,1.2388827800750732
4.384840051906094,1.24000883102417
4.386753993439008,1.2292900085449219
4.388667934971923,1.2320712804794312
4.390581876504837,1.2327920198440552
4.392495818037751,1.2228007316589355
4.394409759570665,1.2222343683242798
4.3963237011035785,1.2324745655059814
4.398237642636492,1.2367480993270874
4.400151584169407,1.2371327877044678
4.402065525702321,1.2353242635726929
4.403979467235235,1.2259160280227661
4.405893408768149,1.2266699075698853
4.407807350301063,1.2207245826721191
4.409721291833977,1.2340527772903442
4.411635233366891,1.2394160032272339
4.4135491748998055,1.2287812232971191
4.415463116432719,1.2334238290786743
4.417377057965633,1.2307617664337158
4.419290999498547,1.235742211341858
4.421204941031461,1.234683632850647
4.423118882564375,1.2274922132492065
4.423118882564375,1.2316151857376099
4.42503282409729,1.2313076257705688
4.426946765630204,1.2302614450454712
4.428860707163118,1.2308948040008545
4.4307746486960315,1.2196025848388672
4.4326885902289455,1.2371742725372314
4.434602531761859,1.2286733388900757
4.436516473294774,1.2265986204147339
4.438430414827688,1.235101580619812
4.440344356360602,1.242093801498413
4.442258297893516,1.2442529201507568
4.44417223942643,1.2349979877471924
4.446086180959344,1.2405468225479126
4.4480001224922585,1.2387949228286743
4.449914064025172,1.2304023504257202
4.451828005558086,1.2344179153442383
4.453741947091,1.2398027181625366
4.455655888623914,1.2309980392456055
4.457569830156828,1.2401113510131836
4.459483771689743,1.224673867225647
4.461397713222657,1.22694730758667
4.463311654755571,1.230218768119812
4.465225596288485,1.2379628419876099
4.4671395378213985,1.2382558584213257
4.469053479354312,1.2349706888198853
4.470967420887226,1.220382809638977
4.472881362420141,1.2273808717727661
4.474795303953055,1.2398359775543213
4.476709245485969,1.2189843654632568
4.476709245485969,1.2282776832580566
4.478623187018883,1.2369616031646729
4.480537128551797,1.2385226488113403
4.482451070084711,1.2255358695983887
4.4843650116176255,1.2335708141326904
4.486278953150539,1.2305766344070435
4.488192894683453,1.227712869644165
4.490106836216367,1.2400829792022705
4.492020777749281,1.2277226448059082
4.493934719282195,1.22666597366333
4.49584866081511,1.2304531335830688
4.497762602348024,1.230410099029541
4.499676543880938,1.224395513534546
4.5015904854138515,1.2320605516433716
4.5035044269467654,1.2300214767456055
4.505418368479679,1.226654291152954
4.507332310012594,1.2304023504257202
4.509246251545508,1.2339081764221191
4.511160193078422,1.2322558164596558
4.513074134611336,1.2318886518478394
4.51498807614425,1.2337793111801147
4.516902017677164,1.2393964529037476
4.518815959210078,1.2366249561309814
4.520729900742992,1.2263164520263672
4.522643842275906,1.2316151857376099
4.52455778380882,1.233654260635376
4.526471725341734,1.223150372505188
4.528385666874648,1.2383047342300415
4.530299608407562,1.2190781831741333
4.532213549940477,1.2363476753234863
4.534127491473391,1.2317255735397339
4.536041433006305,1.2324841022491455
4.5379553745392185,1.228613257408142
4.539869316072132,1.2390602827072144
4.541783257605046,1.228044867515564
4.543697199137961,1.2391552925109863
4.545611140670875,1.2252553701400757
4.547525082203789,1.2178984880447388
4.549439023736703,1.2189384698867798
4.551352965269617,1.2311484813690186
4.553266906802531,1.226156234741211
4.5551808483354455,1.2310107946395874
4.557094789868359,1.2293037176132202
4.559008731401273,1.2206425666809082
4.560922672934187,1.236654281616211
4.562836614467101,1.2245136499404907
4.564750556000015,1.2287753820419312
4.56666449753293,1.2400585412979126
4.568578439065844,1.236798882484436
4.570492380598758,1.2259882688522339
4.5724063221316715,1.2234785556793213
4.574320263664585,1.2276562452316284
4.576234205197499,1.2338964939117432
4.578148146730413,1.2345820665359497
4.580062088263328,1.2253437042236328
4.581976029796242,1.227691411972046
4.583889971329156,1.223953127861023
4.58580391286207,1.227203130722046
4.587717854394984,1.2351679801940918
4.589631795927898,1.226718783378601
4.591545737460812,1.2212265729904175
4.593459678993726,1.229242205619812
4.59537362052664,1.2193593978881836
4.59537362052664,1.229325294494629
4.597287562059554,1.2301431894302368
4.599201503592468,1.2304857969284058
4.601115445125382,1.2281848192214966
4.603029386658297,1.2324628829956055
4.604943328191211,1.2193315029144287
4.606857269724125,1.2257217168807983
4.6087712112570385,1.2328418493270874
4.610685152789952,1.227748990058899
4.612599094322866,1.2326191663742065
4.614513035855781,1.2291229963302612
4.616426977388695,1.2263057231903076
4.618340918921609,1.236788034439087
4.620254860454523,1.2193340063095093
4.622168801987437,1.2365233898162842
4.624082743520351,1.2229160070419312
4.625996685053265,1.2265156507492065
4.627910626586179,1.2353944778442383
4.629824568119093,1.2271777391433716
4.631738509652007,1.2352832555770874
4.633652451184921,1.2244374752044678
4.635566392717835,1.2270526885986328
4.637480334250749,1.2255078554153442
4.639394275783664,1.2245820760726929
4.641308217316578,1.220882773399353
4.6432221588494915,1.2293027639389038
4.645136100382405,1.2223867177963257
4.647050041915319,1.2203515768051147
4.648963983448233,1.2290663719177246
4.650877924981148,1.2296757698059082
4.652791866514062,1.220442533493042
4.654705808046976,1.2192915678024292
4.65661974957989,1.216549277305603
4.658533691112804,1.223323941230774
4.660447632645718,1.2255727052688599
4.662361574178632,1.221798300743103
4.664275515711546,1.231050729751587
4.66618945724446,1.2273545265197754
4.668103398777374,1.2267998456954956
4.670017340310288,1.2297441959381104
4.671931281843202,1.2300634384155273
4.673845223376117,1.2278740406036377
4.675759164909031,1.227451205253601
4.677673106441945,1.2324843406677246
4.6795870479748585,1.2232598066329956
4.681500989507772,1.2284804582595825
4.683414931040686,1.216703176498413
4.6853288725736,1.2299062013626099
4.687242814106515,1.2299590110778809
4.689156755639429,1.2289140224456787
4.691070697172343,1.2157343626022339
4.692984638705257,1.2294589281082153
4.694898580238171,1.2373847961425781
4.6968125217710845,1.2272422313690186
4.698726463303999,1.2265710830688477
4.698726463303999,1.2294609546661377
4.700640404836913,1.2245651483535767
4.702554346369827,1.2194074392318726
4.704468287902741,1.2259176969528198
4.706382229435655,1.2247577905654907
4.708296170968569,1.2233359813690186
4.710210112501484,1.217229962348938
4.712124054034398,1.2402772903442383
4.7140379955673115,1.2265576124191284
4.715951937100225,1.2335917949676514
4.717865878633139,1.215652346611023
4.719779820166053,1.230776309967041
4.721693761698968,1.2246923446655273
4.723607703231882,1.2236181497573853
4.725521644764796,1.223476529121399
4.72743558629771,1.2277030944824219
4.729349527830624,1.2271698713302612
4.731263469363538,1.2279961109161377
4.7331774108964515,1.2262694835662842
4.735091352429366,1.2352343797683716
4.73700529396228,1.2306034564971924
4.738919235495194,1.2338788509368896
4.740833177028108,1.2229667901992798
4.742747118561022,1.2255430221557617
4.744661060093936,1.2157245874404907
4.746575001626851,1.2244511842727661
4.7484889431597646,1.2215352058410645
4.7504028846926785,1.225265622138977
4.752316826225592,1.2148358821868896
4.752316826225592,1.2276490926742554
4.754230767758506,1.2249596118927002
4.75614470929142,1.2230087518692017
4.758058650824335,1.229476809501648
4.759972592357249,1.2223247289657593
4.761886533890163,1.2189780473709106
4.763800475423077,1.2221362590789795
4.765714416955991,1.2237704992294312
4.7676283584889045,1.232259750366211
4.769542300021819,1.2265859842300415
4.771456241554733,1.221616268157959
4.773370183087647,1.220761775970459
4.775284124620561,1.233508825302124
4.777198066153475,1.225155234336853
4.779112007686389,1.2293320894241333
4.781025949219304,1.225597620010376
4.782939890752218,1.2183867692947388
4.7848538322851315,1.2235039472579956
4.786767773818045,1.2170624732971191
4.788681715350959,1.225818395614624
4.790595656883873,1.2207832336425781
4.792509598416787,1.217785120010376
4.794423539949702,1.2222012281417847
4.796337481482616,1.2226641178131104
4.79825142301553,1.2205078601837158
4.800165364548444,1.2272480726242065
4.802079306081358,1.2271875143051147
4.8039932476142715,1.2266405820846558
4.805907189147186,1.2277382612228394
4.805907189147186,1.2290353775024414
4.8078211306801,1.2119426727294922
4.809735072213014,1.2303828001022339
4.811649013745928,1.2166987657546997
4.813562955278842,1.2216088771820068
4.815476896811756,1.2134926319122314
4.817390838344671,1.213123083114624
4.8193047798775845,1.2208330631256104
4.8212187214104985,1.222790002822876
4.823132662943412,1.2288730144500732
4.825046604476326,1.2260127067565918
4.82696054600924,1.2209833860397339
4.828874487542155,1.2267314195632935
4.830788429075069,1.2259453535079956
4.832702370607983,1.223400354385376
4.834616312140897,1.215732455253601
4.836530253673811,1.2239452600479126
4.8384441952067245,1.2241543531417847
4.840358136739638,1.2197890281677246
4.842272078272553,1.2272108793258667
4.844186019805467,1.2227363586425781
4.846099961338381,1.2220312356948853
4.848013902871295,1.2180781364440918
4.849927844404209,1.2135019302368164
4.851841785937123,1.2224160432815552
4.853755727470038,1.229654312133789
4.8556696690029515,1.2244004011154175
4.857583610535865,1.2138476371765137
4.859497552068779,1.2185760736465454
4.859497552068779,1.228777289390564
4.861411493601693,1.2119622230529785
4.863325435134607,1.215728521347046
4.865239376667522,1.2261277437210083
4.867153318200436,1.2290712594985962
4.86906725973335,1.2167919874191284
4.870981201266264,1.226712942123413
4.872895142799178,1.2117714881896973
4.8748090843320915,1.219127893447876
4.876723025865006,1.2149736881256104
4.87863696739792,1.2204716205596924
4.880550908930834,1.2240116596221924
4.882464850463748,1.2279043197631836
4.884378791996662,1.2336982488632202
4.886292733529576,1.2130858898162842
4.888206675062491,1.2155156135559082
4.8901206165954045,1.222970724105835
4.8920345581283184,1.218029260635376
4.893948499661232,1.223062515258789
4.895862441194146,1.2260820865631104
4.89777638272706,1.2244668006896973
4.899690324259974,1.227609395980835
4.901604265792889,1.2254648208618164
4.903518207325803,1.220626950263977
4.905432148858717,1.2170644998550415
4.907346090391631,1.2176835536956787
4.9092600319245445,1.2166284322738647
4.9092600319245445,1.2174863815307617
4.911173973457458,1.216775894165039
4.913087914990373,1.2180171012878418
4.915001856523287,1.2276347875595093
4.916915798056201,1.2289535999298096
4.918829739589115,1.2138398885726929
4.920743681122029,1.235107421875
4.922657622654943,1.2161308526992798
4.924571564187858,1.2209980487823486
4.9264855057207715,1.227138638496399
4.928399447253685,1.220430612564087
4.930313388786599,1.2223955392837524
4.932227330319513,1.2231123447418213
4.934141271852427,1.2081084251403809
4.936055213385342,1.2151875495910645
4.937969154918256,1.2268749475479126
4.93988309645117,1.2300331592559814
4.941797037984084,1.233550786972046
4.943710979516998,1.216949224472046
4.9456249210499115,1.213232398033142
4.947538862582825,1.2191972732543945
4.94945280411574,1.2273163795471191
4.951366745648654,1.222185492515564
4.953280687181568,1.2131738662719727
4.955194628714482,1.2162753343582153
4.957108570247396,1.219244122505188
4.95902251178031,1.2142930030822754
4.9609364533132245,1.211246132850647
4.962850394846138,1.223435640335083
4.964764336379052,1.2062455415725708
4.966678277911966,1.2184555530548096
4.96859221944488,1.2094717025756836
4.970506160977794,1.2152626514434814
4.972420102510709,1.2227978706359863
4.974334044043623,1.2162617444992065
4.976247985576537,1.2234560251235962
4.978161927109451,1.217785120010376
4.9800758686423645,1.215680718421936
4.981989810175278,1.221469759941101
4.983903751708193,1.2050243616104126
4.985817693241107,1.2237402200698853
4.987731634774021,1.2121591567993164
4.989645576306935,1.2174198627471924
4.991559517839849,1.214849591255188
4.993473459372763,1.2177382707595825
4.995387400905678,1.2145332098007202
4.9973013424385915,1.2206425666809082
4.999215283971505,1.224294900894165
5.001129225504419,1.216216802597046
5.003043167037333,1.2251113653182983
5.004957108570247,1.214267611503601
5.006871050103161,1.2192929983139038
